question,correct_answer,prediction,EM,F1,Recall@k_answer,Recall@k_support_titles,latency,chunk_size,top_k,retrieved_titles
What date in 2010 was a South Korean film starring  Kim Hyang-gi released?,"January 14, 2010","December 20, 2017",0,0.0,0,0,1.2961668968200684,32,1,Along with the Gods - Part 1
Who was the film which was Kim Dae-woo's directing debut about ?,a scholar,"""The Housemaid"" (2004)",0,0.0,0,1,1.0889418125152588,32,1,Kim Dae-woo
What is the full name of the company co founded by Jay Van Andel?,American Way,Amway Corporation.,0,0.0,0,0,0.385514497756958,32,1,Jay Van Andel
Who is the author of the play that was adapted into a film and featured the orchestral arrangement Suite from Henry V?,William Shakespeare,William Shakespeare,1,1.0,0,1,1.085719347000122,32,1,Suite from Henry V
what 6-story building was listed on the National Register of Historic Places in 1980?,Worcester Cold Storage and Warehouse Co. fire,Bloomingdale Firehouse,0,0.0,0,1,1.0852692127227783,32,1,Bloomingdale Firehouse
"Which genus is native to arid or semi-desert areas, Alopecurus or Echeveria?",Echeveria,Echeveria.,1,1.0,1,1,1.0749242305755615,32,1,Echeveria
"Steve Denton and Albert Costa are both tennis players, which one began playing at the age if five?",Costa,Albert Costa began playing at five.,0,0.2857142857142857,0,1,0.4692881107330322,32,1,Steve Denton
"Which Naperville Central High School quarterback, became the 1988 starting quarterback for the Leicester Panthers?",Patrick Sean Payton,Sean Payton,0,0.8,0,1,1.0783946514129639,32,1,Sean Payton
"When did the tour begin for the album Taylor Swift released on October 22, 2012?","March 13, 2013",2012,0,0.0,0,0,1.0818569660186768,32,1,Taylor Swift (album)
"Who co-starred in an episode of The ABC Comedy Hour with the man who played Duke Slater in ""Gomer Pyle, U.S.M.C.""? ",Jack Cassidy,"""Rowan & Martin""",0,0.0,0,0,1.0777778625488281,32,1,"List of Gomer Pyle, U.S.M.C. episodes"
What town's geographic feature is the battle James Swan was twice wounded at named for?,"Charlestown, Massachusetts",Charlestown,0,0.6666666666666666,1,1,1.0801167488098145,32,1,Battle of Bunker Hill
"Who has won the most Olympic medals for figure skating, Debi Thomas or Katarina Witt?",Katarina Witt,Katarina Witt.,1,1.0,1,1,0.41017889976501465,32,1,Katarina Witt
What is the brand who makes canned meats that had its own cook off in Austin until 2007?,Hormel Foods Corporation,Hormel Foods Corporation,1,1.0,1,1,1.0726804733276367,32,1,Spam (food)
What is one element of House dance where the dancer ripples his or her torso back and forth?,the jack,Undulating motion.,0,0.0,1,1,0.3864591121673584,32,1,Jacking
The seventh largest inhabited island in Hawaii has what remote wild beach?,Polihale State Park,Kaula Beach,0,0.0,0,1,1.0828356742858887,32,1,Niihau
"What actress is known for a starring role in Robert Bresson's ""Pickpocket"" and has also been directed by Just Jaeckin, a former photographer?",Marika Nicolette Green,Marika Green.,0,0.8,0,1,1.071366548538208,32,1,Marika Green
"Which band was formed first, Fitz and The Tantrums or The Contortionist?",The Contortionist,"Fitz and The Tantrums, 2008; The Contortionist, 2007.",0,0.4,1,1,1.0765724182128906,32,1,The Contortionist
Are John O'Hara and Rabindranath Tagore the same nationality?,no,"No, Indian, American.",0,0.5,1,0,0.4356074333190918,32,1,Rajeshwari Datta
Khushi Ek Roag is broadcast by a company based out of where?,Dubai,Malaysia,0,0.0,0,0,1.0793523788452148,32,1,Asia Media Group
Tritonia and Phyteuma are both names for a what of plants?,genus,flowering plants,0,0.0,1,1,1.07133150100708,32,1,Phyteuma
what type of media does Ratatouille and PlayStation 3 have in common?,video game,Video game and console.,0,0.6666666666666666,0,1,1.085101842880249,32,1,Ratatouille (video game)
Pierre Benjamin Monteux conducted the world premiere of which play by Maurice Ravel?,Daphnis et Chloé,"""Daphnis et Chloé"" (1899)",0,0.8571428571428571,0,1,1.0685791969299316,32,1,Pierre Monteux
What was the code name of The landing barge primarily used to provide hot meals to the landing crew?,Operation Neptune,Operation Hound-Dog,0,0.5,0,1,1.084385871887207,32,1,"Landing Barge, Kitchen"
Which musician was a member of the rock band Silverchair and signed under Eleven: A Music Company?,Daniel Paul Johns,Eleven: A Music Company,0,0.0,0,0,0.9469501972198486,32,1,Chris Joannou
How many times has the author of Negotiating with the Dead been shortlisted for the Booker Prize ?,five times,1 time.,0,0.0,0,0,1.080265998840332,32,1,Nina Bawden
Does Erodium or Cymbidium include more species?,Erodium,Cymbidium has more species.,0,0.0,0,0,0.49155735969543457,32,1,Cymbidium elegans
"Between Wilkes-Barre/Scranton International Airport and Long Island MacArthur Airport, which airport is owned by a higher government?",Wilkes-Barre/Scranton International Airport,Government of the United States.,0,0.0,1,1,1.073047161102295,32,1,Wilkes-Barre/Scranton International Airport
"Who achieved more academically, Andrea Martin or Mark Hoplamazian? ",Mark S. Hoplamazian,"Andrea Martin, Mark Hoplamazian.",0,0.5714285714285715,1,1,1.084449052810669,32,1,Mark Hoplamazian
"In the 2004 United States senate election, re-election was won by what American plitician who was first elected in 1998, defeating what three-term Republican incumbent?",Al D'Amato,Al D'Amato.,1,1.0,1,1,0.43752455711364746,32,1,Chuck Schumer
Are Ian Brown and Dee Snider both actors?,no,"No, they are not both actors. Ian Brown is a musician. Dee Snider is a singer-songwriter and actor.",0,0.10526315789473684,0,1,0.9169089794158936,32,1,Dee Snider
"Charles Scribner's Sons publishes the books of what author whose books cover subjects such as the Cold War, mathematics, politics, and economics, and global terrorism?","Donald Richard ""Don"" DeLillo",George Orwell,0,0.0,0,1,0.9549872875213623,32,1,Charles Scribner's Sons
What conference does the team that drafted Derrick Hamilton in 2004 belong to?,National Football Conference (NFC) West,Big 12 Conference,0,0.25,0,0,1.0728111267089844,32,1,Big 12 Conference
Blue Dwarf is what type of online text-based role-playing game?,play-by-post role-playing game,Online text-based RPG.,0,0.0,1,1,1.079279899597168,32,1,Blue Dwarf roleplaying game
"What concert hall is located on the northern edge or South Kensington, London, and had songs chosen from a number of concerts there?",Royal Albert Hall,Royal Albert Hall,1,1.0,1,1,1.074026346206665,32,1,Royal Albert Hall
"Which  American politician and lawyer contested in San Francisco mayoral election, 2003",Matthew Edward,- Gavin Newsom,0,0.0,0,1,1.0805943012237549,32,1,"San Francisco mayoral election, 2003"
What province is the city where Matts (Matti) Wiktor Hoikka was a blacksmith and politician?,"Finland's northernmost province, Lapland",Lapland Province.,0,0.6666666666666666,0,1,0.3856515884399414,32,1,Matti Hoikka
"Caprice No. 5 was composed by what Italian violinist, guitarist, and composer, who was the most celebrated violin virtuoso of his time?",Niccolò (or Nicolò) Paganini,Niccolò Paganini,0,0.6666666666666666,0,1,1.0879287719726562,32,1,Caprice No. 5 (Paganini)
The German who is credited with inventing the V-2 rocket and Saturn V was also a supervisor of what NASA program?,Applications Technology Satellites,Apollo,0,0.0,0,1,1.0722334384918213,32,1,Wernher von Braun
"What football club was owned by the singer of ""Grow Some Funk of Your Own""?",Watford Football Club,Watford FC.,0,0.4,0,1,0.38507986068725586,32,1,Grow Some Funk of Your Own
"Between Frederick King Keller and Ian Schneider, which filmmaker had more diverse job experiences?",Frederick King Keller,Frederick King Keller had more diverse job experiences.,0,0.5454545454545454,0,1,1.079538106918335,32,1,Ian Schneider
Where are Abbey Clancy and Peter Crouch from?,England,England.,1,1.0,0,0,0.23699140548706055,32,1,Sean Clancy
Roger O. Egeberg was Assistant Secretary for Health and Scientific Affairs during the administration of a president that served during what years?,1969 until 1974,1961-1963.,0,0.0,0,1,0.4642033576965332,32,1,Roger O. Egeberg
"Where is the American Hockey League, that Dan Frawley played in, located?",United States and Canada,North America,0,0.0,1,0,1.1044361591339111,32,1,List of AHL seasons
Valuair was acquired in 2005 by a low-cost airline based where?,in Singapore,Singapore.,0,0.6666666666666666,0,1,0.33596324920654297,32,1,Valuair
"Who won more Grand Slam Titles, Liezel Huber or Billie Jean King?",Billie Jean King,Liezel Huber.,0,0.0,0,1,0.41217947006225586,32,1,Liezel Huber
 The Type 90 tank built by Mitsubishi Heavy Industries is to be superseded by what generation of main battle tank of the Japanese Ground Self Defense Force?,4th,Type 10.,0,0.0,0,1,0.38744568824768066,32,1,Type 10
"Who was the  ""King of Denmark, the Vends and the Goths, elected King of Norway's"" brother?",king John of Denmark,"King of Denmark, the Vends and the Goths, elected King of Norway's brother was:",0,0.3333333333333333,0,1,0.9524641036987305,32,1,Frederick I of Denmark
"Howard Bilerman produced an album for which songwriter from Athens, Georgia?",Vic Chesnutt,R.E.M.,0,0.0,0,1,1.0741314888000488,32,1,Howard Bilerman
When was the second album by Jason Daunt's band released?,"May 4, 2004",1998.,0,0.0,0,1,0.38753366470336914,32,1,Flaw (band)
What movie genre did Emmanuelle Vaugier play a supporting role in?,satirical erotic romantic comedy,Action/Thriller,0,0.0,0,0,1.0805819034576416,32,1,Painkiller Jane (film)
What company operates in Switzerland and is part of the name of an award Gene Hobbs won?,Rolex,Danby Appliances,0,0.0,0,0,1.0796351432800293,32,1,Danby (appliances)
Is the building located at 200 West Street taller than the one at 888 7th Avenue?,yes,"No, 888 7th Avenue is taller.",0,0.0,0,1,0.5631434917449951,32,1,888 7th Avenue
Rossiya Airlines in located in the largest what on earth?,largest country,Moscow,0,0.0,0,1,0.9748961925506592,32,1,Rossiya Airlines
Luke Null is an actor who was on the program that premiered its 43rd season on which date?,"September 30, 2017","TNT, September 5, 2017.",0,0.5714285714285715,0,0,0.5403079986572266,32,1,Will (TV series)
What are both Jack Rabbit and Leap-The-Dips made of?,wooden,Steel,0,0.0,0,1,1.081404685974121,32,1,Jack Rabbit (Seabreeze)
Who is the Mexican actor that starred in Sex and Breakfast?,Eduardo Kuno Becker Paz,Kuno Becker,0,0.6666666666666666,0,1,1.0705559253692627,32,1,Sex and Breakfast
What type of profession does Jonah Meyerson and Alison Pill have in common?,actor,Both are actors.,0,0.0,0,1,0.39081835746765137,32,1,Alison Pill
"Which city has a higher population, Shanghai or Hengyang?",Shanghai,Shanghai has a higher population.,0,0.33333333333333337,0,1,0.443453311920166,32,1,Hengyang
IS Paul Sloane noted for directing more musicals than  Jacques Demy,no,"Yes, more.",0,0.0,1,1,0.3859572410583496,32,1,Paul Sloane (director)
"Which company is based in Kentucky, Vocelli Pizza or Fazoli's?",Fazoli's,Fazoli's,1,1.0,1,1,0.7425415515899658,32,1,Fazoli's
The Polar Bear and Daiquiri are both examples of what?,cocktails,Synonyms,0,0.0,0,0,1.081925630569458,32,1,Polar bear
Are Wolfgang Becker and Paul Andrew Williams both film directors?,yes,Yes.,1,1.0,0,1,0.3338465690612793,32,1,Wolfgang Becker
Is The Devils of Loudun and Maskarade both operas?,yes,"No.  The Devils of Loudun is a non-fiction book, while Maskarade is a novel.  Both are written by Aldous Huxley",0,0.0,0,0,1.0722546577453613,32,1,The Devils of Loudun
What do Park So-yeon and Michael Crafter have in common?,vocalist,Both are Australian musicians.,0,0.0,1,1,1.09061861038208,32,1,Michael Crafter
"Who has written more than 300 papers, Semyon Aranovich Gershgorin or Pavel Alexandrov?",Pavel Sergeyevich Alexandrov,Pavel Alexandrov,0,0.8,1,1,1.0726778507232666,32,1,Pavel Alexandrov
What was the founding year of the county where Weber's Store is located?,1905,"Sanders County, Montana",0,0.0,0,1,1.081585168838501,32,1,Weber's Store
What are some other areas that share a common deer species with the forests of Mara and Mondrem?,"New Zealand, Canada, the United States, the Falkland Islands, and Peru.",- The New Forest,0,0.28571428571428575,0,1,1.0690746307373047,32,1,Forests of Mara and Mondrem
Who directed both Last Days and Point Break?,Kathryn Bigelow,Kathryn Bigelow.,1,1.0,0,1,0.40874147415161133,32,1,Point Break
"Which Canadian rock band released a song called ""Counterparts"" and had a drummer who was inducted into the Modern Drummer Hall of Fame?",Rush,"Rush, Neil Peart.",0,0.5,1,1,0.43959999084472656,32,1,Nobody's Hero
James Cromwell stars in which movie that chronicles the life of Thoroughbred race horse?,Secretariat,"""Secretariat"" (1993)",0,0.6666666666666666,0,1,0.4863147735595703,32,1,James Cromwell
Are Hot Rod and The Memory of Our People both magazines?,yes,"Yes, both are magazines.",0,0.4,0,1,0.4386637210845947,32,1,The Memory of Our People
What star if the Burbs was Canadian?,"Richard ""Rick"" Ducommun",Rick Ducomming,0,0.4,0,1,1.0069100856781006,32,1,The 'Burbs
What are the professions of Tom Johnston and Daryl Palumbo?,American musician,"Musicians, Musician, Musician, Musician, Musician, Musician, Musician, Musician, Musician, Musician, Music",0,0.15384615384615385,1,1,1.069246530532837,32,1,Daryl Palumbo
"Which came to market first, ""Hey Pa! There's a Goat on the Roof"" or ""Poleconomy""",Hey Pa! There's a Goat on the Roof,"""Hey Pa! There's a Goat on the Roof"" (1966) or ""Poleconomy"" (1965)",0,0.8,0,1,0.9578678607940674,32,1,Hey Pa! There's a Goat on the Roof
What Japanese fashion label was founded by the creator of Dover Street Market?,Comme des Garçons,Comme des Garçons,1,1.0,1,1,1.0713903903961182,32,1,Dover Street Market
A journal to which Jim Rasenberger contributes is the official journal of an institute located in what city?,"Washington, D.C.",New York City,0,0.0,1,1,1.0772807598114014,32,1,Jim Rasenberger
"Who does the previous Vice President of Production at the animation studio that is owned and operated by Viacom, currently work for?",Cartoon Network Studios,Viacom Inc.,0,0.0,0,0,0.3891305923461914,32,1,Carl Folta
Are Fastbacks and Local Natives both from the same US state?,no,"No.  (They are from different states.)  Fastbacks are from Washington, while Local Natives are from California.",0,0.11764705882352941,0,1,0.9269628524780273,32,1,Fastbacks
Who is the sister of Princess Zein and the daughter of a British woman?,Princess Aisha bint Hussein,Princess Aisha bint Hussein,1,1.0,0,1,1.0803067684173584,32,1,Princess Aisha bint Hussein
Who made a spoof of the Radiohead's fourth studio album?,The Shirehorses,Thom Yorke.,0,0.0,0,1,0.411365270614624,32,1,Kid A
"Orange is the New Black, starring Annie Golden as Norma Romano, takes place in which minimum-security federal prison?",FCI Danbury,"Federal Prison Camp, Florence.",0,0.0,0,0,0.4375278949737549,32,1,"Federal Prison Camp, Florence"
What is the home stadium where Dai Xianrong predominantly played?,Tianhe Stadium,Tianjin Teda Stadium.,0,0.4,0,1,0.4352688789367676,32,1,Dai Xianrong
Finna Get Loose is a song by Puff Daddy and what American rapper who is also a record and film producer?,Pharrell Lanscilo Williams,The Neptunes,0,0.0,0,1,1.1117982864379883,32,1,Finna Get Loose
What novel imagines the true story of a character based on a novel by Mark Twain first published in 1884?,Shohola Falls,The Prince and the Pauper.,0,0.0,0,0,0.4640665054321289,32,1,The Prince and the Pauper
What country of origin does Eric Lucassen and Party for Freedom have in common?,Dutch,Netherlands.,0,0.0,1,1,1.0722627639770508,32,1,Eric Lucassen
What was the nationality of the composer of Chaconne in F minor?,German,Italian composer.,0,0.0,0,0,1.075669765472412,32,1,Gaetano Donizetti
Which country borders the Central African Republic and is south of Libya and east of Niger?,Republic of Chad,Chad.,0,0.5,0,1,1.0747308731079102,32,1,Chad
Ruddles Brewery is owned by a pub retailer and brewer based in what city?,Bury St Edmunds,Bury St Edmunds,1,1.0,0,1,1.079596996307373,32,1,Ruddles Brewery
Jing Tian was known for her role in a movie directed by who?,Ding Sheng,Ang Lee,0,0.0,0,1,0.8506321907043457,32,1,Jing Tian
"Who was the original recording artist of the song which was chosen over If You've Got Trouble for the Beatles' ""Help!"" film?",Buck Owens,The Four Tops,0,0.0,0,1,1.08451509475708,32,1,If You've Got Trouble
Are both Barry Unsworth and P. G. Wodehouse from the same country?,yes,No.,0,0.0,0,0,1.0741567611694336,32,1,Morality Play (novel)
What are both Caleb Shomo and Brian Welch?,singer,Both are musicians.,0,0.0,0,0,1.0847654342651367,32,1,Brian Welch (ski jumper)
What is the main nickname of the professional association football club where Ewan Fenton spent thirteen seasons?,"""the Seasiders""",Colchester United F.C.,0,0.0,0,0,1.0721895694732666,32,1,List of Colchester United F.C. seasons
"Of the retired tennis players Ross Case and Slobodan Živojinović, which player reached a higher career-high singles ranking?",Ross Case,Ross Case.,1,1.0,1,1,0.3626375198364258,32,1,Ross Case
What novel about a murderer inspired Till Lindemann's music?,Perfume,"""Perfume"" by Patrick Süskind",0,0.4,1,1,1.0774517059326172,32,1,Du riechst so gut
Where are the main administrative offices of the institute located where K. S. Babu earned his PhD in 1986?,Honolulu,Oklahoma State University.,0,0.0,0,1,1.0735814571380615,32,1,K. S. Babu
The Music Hall Guild of Great Britain and America includes a patron in which actress who had a role on EastEnders?,Anita Dobson,Anita Dobson,1,1.0,1,1,1.0738608837127686,32,1,The Music Hall Guild of Great Britain and America
"Who was born later, Jerry Garcia or Joe Gooch?",Joe Gooch,Joe Gooch later.,0,0.8,1,1,0.4359276294708252,32,1,Joe Gooch
Are Pothos and Tibouchina Aubl both flowering genus of plants?,yes,"Yes, both are flowering plants.",0,0.33333333333333337,0,1,1.0822947025299072,32,1,Tibouchina
"What is the first name of the woman who, like Tryphosa Bates-Batcheller, was criticised for being publicly tolerated as a singer due to her wealth, despite a lack of talent?",Narcissa,Marina Diamandis.,0,0.0,0,0,0.4439547061920166,32,1,List of songs recorded by Marina and the Diamonds
Who was born first out of  Thomas Carr and Joyce Wieland?,Thomas Carr,Thomas Carr was born first.,0,0.5714285714285715,1,0,0.4370098114013672,32,1,Thomas Carr (publisher)
Who voices the character that stars in Baseball Bugs?,Mel Blanc,Mel Blanc.,1,1.0,0,0,0.36109066009521484,32,1,His Hare-Raising Tale
"Zhangye and Nan'an, Fujian are both located where?",People's Republic of China,East China Sea,0,0.28571428571428575,1,1,1.0837492942810059,32,1,"Nan'an, Fujian"
The 2004 romantic drama film based on Shake'spears play of the same name was produced by whom?,Julia Verdin,"""Paul Andrew Breckman""",0,0.0,0,1,1.0717601776123047,32,1,The Merchant of Venice (2004 film)
"Which dog breed, the Schapendoes or the Bull Terrier, has its origins in a greater number of other dog breeds?",Bull Terrier,Schapendoes.,0,0.0,0,1,0.410935640335083,32,1,Schapendoes
Are William Kronick and Jon Turteltaub both television writers ?,no,Yes.,0,0.0,0,1,1.071052074432373,32,1,Jon Turteltaub
Who wrote the TV serial in which Rosemary Martin played Marjorie ?,Dennis Potter.,John Brerington,0,0.0,0,1,1.0775249004364014,32,1,Rosemary Martin
Are Philip Cortez and Julian Castro democratic or republican?,Democratic,Democrat,0,0.0,0,0,0.9730610847473145,32,1,Rick Galindo
What other method of extending an ice hockey game exists other than the one used in the 1932 Allan Cup?,the shootout,3-on-3 overtime.,0,0.0,0,1,0.46503186225891113,32,1,Overtime (ice hockey)
"The non-fiction book ""Finding Chandra"" is about an affair between the victim and a congressman that holds a B.B.A from what school?",USC Marshall School of Business,University of Virginia.,0,0.25,0,1,0.3864166736602783,32,1,Finding Chandra
Phillip Pullman's book set in a parallel universe featuring a character named Lyra Belacqua was put into audio in what year?,2002,2003,0,0.0,0,0,1.081824779510498,32,1,Lyra Belacqua
Both Bishop Carroll Catholic High School and Kapaun Mt. Carmel Catholic High School are located in which city in Kansas?,Wichita,Wichita.,1,1.0,1,1,0.33591723442077637,32,1,Bishop Carroll Catholic High School
Which singer of the Bee Gees sung a middle part of a song in which the majority was sung by Barry Gibb?,Robin Gibb,Maurice Gibb.,0,0.5,0,0,1.0748670101165771,32,1,You Wouldn't Know (Bee Gees song)
"Annapolis Junction is located in what county named after  the wife of Cecilius Calvert, 2nd Baron Baltimore?","Anne Arundel County, Maryland",Anne Arundel County,0,0.8571428571428571,1,1,1.0784544944763184,32,1,"Annapolis Junction, Maryland"
"What American actress starred in the 1996 television film ""Bastard Out of Carolina"" directed by Anjelica Huston?",Jena Malone,Jennifer Jason Leigh.,0,0.0,0,1,0.3877694606781006,32,1,Bastard out of Carolina (film)
What 1986 drama directed by Lee Doo-yong starred Lee Mi-sook?,Mulberry,"""Autumn in My Heart""",0,0.0,0,1,1.082113265991211,32,1,Lee Mi-sook
How did the singer of Pyramid rise to fame?,YouTube,Through professional singing and concerts.,0,0.0,0,0,1.0696556568145752,32,1,Alfio
Thomas Major was the engraver to the estranged son of which monarch?,George II,George III.,0,0.5,0,1,0.36033129692077637,32,1,Thomas Major
"Which American digital media company and news satire organization that publishes articles on international, national, and local news did the comic artist of Jim's Journal co-found?",The Onion,The Onion,1,1.0,1,1,1.0855541229248047,32,1,The Onion
"What kind of creative artist was Howell Conant, famed for his work with Grace Kelly?",photographer,Film director,0,0.0,0,0,1.0750102996826172,32,1,Leslie Segrete
During the Carnival in Rio de Janeiro who is the official singer of the samba school Mangueira?,José Bispo Clementino dos Santos,João Gilberto,0,0.0,0,0,1.0851030349731445,32,1,Estação Primeira de Mangueira
"Which film is newer, The Apple Dumpling Gang or Heavyweights?",Heavyweights,The Apple Dumpling Gang (1975) vs. Heavyweights (1995),0,0.2222222222222222,0,0,1.0211169719696045,32,1,Jack Bickham
One of the members of Dru Hill is nicknamed after which cartoon character?,Woody Woodpecker,Boogaloo Shrimp,0,0.0,0,0,1.0837266445159912,32,1,The Amazing Adrenalini Brothers
What is the name of the national level academy for performing arts that Bhupen Hazarika won his award in 2008? ,Sangeet Natak Akademi,Sangeet Natak Akademi,1,1.0,0,1,1.0730736255645752,32,1,Sangeet Natak Akademi
"Which was published or broadcast first, The Graveyard Book of Phineas and Ferb?",Phineas and Ferb,2008,0,0.0,1,0,1.0802128314971924,32,1,Flop Starz
How do the Peter Laufer books Forbidden Creatures and No Animals Were Harmed differ in their focus on animals?,his own opinions changed,"The Peter Laufer books Forbidden Creatures and No Animals Were Harmed differ in their focus on animals in that Forbidden Creatures focuses on animal smuggling and exotic pets, while",0,0.0,0,1,1.0702111721038818,32,1,Forbidden Creatures
"The band who released the debut album ""Tinted Windows"" had their first performance in what city?",Tulsa,New York City,0,0.0,0,1,1.0830206871032715,32,1,Tinted Windows (album)
What genre was the movie that Austin Nichols was in with Kirsten Dunst?,romantic comedy,Psychological Thriller,0,0.0,0,0,1.0722873210906982,32,1,Midnight Special (film)
"SWX Right Now airs on the station that broadcasts on what channel in Billings, Montana?",8,SWX Right Now airs on KEWF.,0,0.0,0,0,0.9934203624725342,32,1,KEWF
"Who was born first, Sarah Jacobson or Arthur Hiller?",Arthur Hiller,Arthur Hiller was born first.,0,0.5714285714285715,0,1,1.0743255615234375,32,1,Sarah Jacobson
"Beyond the Hoax: Science, Philosophy, and Culture, is by what professor of mathematics at University College London?",Alan David Sokal,Alan David Sokal,1,1.0,1,1,1.0841429233551025,32,1,Alan Sokal
"Which is bigger, Griffon Bruxellois or English Mastiff?",English Mastiff,English Mastiff,1,1.0,1,1,1.0772736072540283,32,1,English Mastiff
Alex da Kid worked on an a track with Eminem released in what year?,2010,2010.,1,1.0,0,0,0.3869898319244385,32,1,Love the Way You Lie (Part II)
Who was the biological father of the emperor who built the Nemi Ships?,Germanicus,Unknown.,0,0.0,0,1,1.0765843391418457,32,1,Nemi ships
Is Mary Pierce or Gustavo Kuerten the older tennis player?,Mary Pierce,Gustavo Kuerten.,0,0.0,0,1,0.4124464988708496,32,1,Gustavo Kuerten
What age was Georgia Middleman when she started singing in the seventh-most populated city in the United States?,ten,"Texas, age 10.",0,0.0,1,1,1.0830152034759521,32,1,Georgia Middleman
One of the directors of Mediastan is well-known for founding what organisation in 2006?,WikiLeaks,WikiLeaks,1,1.0,0,1,0.7401342391967773,32,1,Mediastan
Are Alexander Kluge and Sidney Salkow of the same nationality?,no,No,1,1.0,0,1,1.080549955368042,32,1,Alexander Kluge
Who beacme a star as a comic book character created by Gerry Conway and Bob Oksner?,Megalyn Echikunwoke,Gerry Conway and Bob Oksner,0,0.0,0,1,1.0736453533172607,32,1,Vixen (comics)
"In what category did the composer of ""Elliot, a Soldier's Fugue"" win a Tony Award in 2008?",for Best Musical,Pulitzer Prize winner.,0,0.0,0,0,0.38631129264831543,32,1,Michael Tippett
"What movie studio produced The Benchwarmers, which starred Rob Schneider and Napoleon Dynamites lead actor, Jon Heder?",Revolution Studios,Columbia Pictures.,0,0.0,0,1,0.38576269149780273,32,1,The Benchwarmers
Socialist Thought and Practice was a magazine that was regarded as an important veicle for a form of management based on what?,self-directed work processes,Scientific management.,0,0.0,0,1,0.36228275299072266,32,1,Socialist Thought and Practice
"When is the national league which the Manchester United is participating in, set to end in 2018?",13 May 2018,2017–18 season.,0,0.0,0,1,0.46359729766845703,32,1,2017–18 Manchester United F.C. season
"What studio helped produce both Return to Never Land and McFarland, USA?",Walt Disney Pictures,Walt Disney Feature Animation.,0,0.5714285714285715,0,1,0.4120769500732422,32,1,Return to Never Land
"Brigadier Stanley James Ledger Hill was attached to the command post of which senior British Army officer born on July 10, 1886?",Lord Gort,"Herbert Plumer, 1st Viscount Plumer.",0,0.0,0,0,0.5907130241394043,32,1,"Herbert Plumer, 1st Viscount Plumer"
What kind of building did the Romans use that is still the most common architectural style for churches in Europe and America?,basilica,Basilica.,1,1.0,0,1,0.3611011505126953,32,1,Basilica
Which college football team for the University of Oregon did Enoka Lucas played for ,The Oregon Ducks,Oregon Aggies,0,0.4,0,0,0.9813728332519531,32,1,1910 Oregon Agricultural Aggies football team
"How long did the state exist whose army ransacked and looted the city, Halebidu, twice in the 14th century ?",320 years,14th century.,0,0.0,0,0,0.4161555767059326,32,1,Hoysaleswara Temple
What type of writing did both Richard Harding Davis and Harry Stephen Keeler write?,fiction,Fiction and drama.,0,0.5,1,1,0.3858907222747803,32,1,Richard Harding Davis
"Who has a wider scope of profession, Hrag Vartanian or Hovsep Pushman?",Hrag Vartanian,Hovsep Pushman has a wider scope of profession.,0,0.0,0,1,1.084827184677124,32,1,Hovsep Pushman
"What type of group beat Sheryl Crow's ""All I Wanna Do"" on the ""Billboard"" Hot 100? ",American R&B vocal group,Chicks,0,0.0,0,0,1.077751636505127,32,1,Strong Enough (Sheryl Crow song)
Is The Moon-Spinners and Oceans both documentaries?,no,"No, The Moon-Spinners is a film, Oceans is a documentary.",0,0.18181818181818182,0,1,0.7334022521972656,32,1,Oceans (film)
"Which park is larger of the two, Doñana National Park or Timanfaya National Park?",Doñana National Park,Timanfaya National Park,0,0.6666666666666666,1,1,1.0761773586273193,32,1,Doñana National Park
"What film came out first, All the Marbles or What Ever Happened to Baby Jane?",What Ever Happened to Baby Jane?,What Ever Happened to Baby Jane? (1950) came out first.,0,0.7499999999999999,0,1,0.6936028003692627,32,1,...All the Marbles
What is the name of the process used by a company that is located in New Jersey and invented Hexachrome?,CMYKOG process,Pantone Inc. of New Jersey,0,0.0,0,1,1.0772876739501953,32,1,Hexachrome
What was the population of the town as of 2000 where the historic tugboat Catawissa is located?,"8,515","Saratoga County, New York.",0,0.0,0,1,1.080636739730835,32,1,Catawissa (tugboat)
"Victor Varnada directed Twisted Fortune, which starred which brother of Eddie Murphy?",Charlie Murphy,Eddie Murphy's brother.,0,0.0,1,1,1.0763163566589355,32,1,Twisted Fortune
What was Rosario Dawson of Josie and the Pussycats film debut,"She made her film debut in the 1995 teen drama ""Kids"".",Josie and the Pussycats (2001),0,0.12500000000000003,0,1,1.076301097869873,32,1,Rosario Dawson
Atlas Shrugged was a film based on the books by a proponent of what philosophy?,Objectivism,Objectivism,1,1.0,0,0,1.0753405094146729,32,1,Harmon Kaslow
"What kind of dinosaur does Raymond Ochoa voice in the Pixar film ""The Good Dinosaur""?",Apatosaurus,Apatosaurus.,1,1.0,0,1,0.4944732189178467,32,1,Raymond Ochoa
Who was the American congressman whose actions led to a CIA program to arm Jihadi warriors in Afghanistan in the 1980's?,Charlie Wilson,Steve Scalise,0,0.0,0,0,1.0915353298187256,32,1,Brad Wenstrup
What is the stage name of the former pornographic actress born in 1981 that co-hosted the 26th AVN Awards?  ,Belladonna,Tera Patrick.,0,0.0,0,0,0.41316699981689453,32,1,30th AVN Awards
"Which of the following bands is considered ""one of the most accomplished and creative Christian bands of the '90s"": Poor Old Lu or Shudder to Think?",Poor Old Lu,Poor Old Lu.,1,1.0,1,1,0.3885533809661865,32,1,Poor Old Lu
Which member of The New Russian School was both a doctor and a chemist besides being a composer?,Alexander Porfiryevich Borodin,Alexander Borodin.,0,0.8,0,1,0.4124023914337158,32,1,Alexander Borodin
"The ""civic rally cross"" was sold alongside what other model sold exclusively in Japan at Honda Verno dealerships? ",Honda Ballade,Honda Verno.,0,0.5,0,0,1.0873782634735107,32,1,Honda Capa
Crash is similar to what 16th century British card game in the sense that there is no betting?,"In Crash, there is no betting, as in Brag",Nine-card Brag.,0,0.1818181818181818,1,1,0.4128565788269043,32,1,Crash (card game)
The Panel with striding lion  was one of many that lined the way north of the gate to the inner city of what location?,Babylon,Babylon,1,1.0,1,1,1.0538408756256104,32,1,Panel with striding lion
Where does the story take place in 1988 film The Moderns?,1926 Paris,1926 Paris.,1,1.0,1,1,1.0858192443847656,32,1,The Moderns
When Copsi was made earl of Northumbria he went back to reside in a town at the confluence of which two rivers?,Ouse and Foss,River Tyne and River Wear.,0,0.25,0,1,0.4662001132965088,32,1,Copsi
The physicist who is responsible for identifying the Rabi cycle won what award?,Nobel Prize,Who won the award?,0,0.0,0,1,0.7210812568664551,32,1,Rabi cycle
"Which is founded by a president, University of Washington or University of Virginia?",University of Virginia,University of Virginia,1,1.0,1,1,1.0829391479492188,32,1,University of Virginia
The title Grigory Drozd lost in May 2016 was won by a boxer who made his acting debut in what film?,"""Creed""","2016 film ""The Night Watch"" (2004) remake.",0,0.0,0,1,1.0782175064086914,32,1,Grigory Drozd
The Soul of a Butterfly is an autobiography of a professional boxer that was born in what year?,1942,1942,1,1.0,0,1,1.077852725982666,32,1,The Soul of a Butterfly
"""52nd Street"" is a 1978 album that earned two Grammy Awards for which piano-playing songwriter?",Billy Joel,Billy Joel.,1,1.0,1,1,0.3610501289367676,32,1,52nd Street (album)
Are Chlidanthus and Maianthemum both flowering plants?,yes,Yes.,1,1.0,0,1,1.0970072746276855,32,1,Chlidanthus
What ABC television series was inspired by a 2011 film and cast Dominic Cooper as young Howard Stark?,Agent Carter,Agent Carter,1,1.0,1,1,1.0830676555633545,32,1,Agent Carter (TV series)
A Wind in the Door is part of a series written by who?,Madeleine L'Engle,Madeleine L'Engle.,1,1.0,1,1,1.0891342163085938,32,1,A Wind in the Door
What year did Guns N Roses perform a promo for a movie starring Arnold Schwarzenegger as a former New York Police detective?,1999,1994.,0,0.0,0,0,0.387498140335083,32,1,True Lies
What running back ended his career in 2006 and was one of the rushers Matt O'Dwyer blocked for?,Curtis Martin,Barry Sanders,0,0.0,0,1,1.0779025554656982,32,1,Matt O'Dwyer
Bobby Bowden coached which former Toronto Blue Jays minor league baseball player?,Chris Weinke,Bobby Bowden coached Devon White.,0,0.0,0,0,0.4766080379486084,32,1,List of Toronto Blue Jays minor league affiliates
The Shrewsbury & Newport Canals Trust promotes the restoration of what navigable canal in England?,Shropshire Union Canal,Shrewsbury Canal,0,0.4,0,1,1.081693410873413,32,1,Shrewsbury &amp; Newport Canals Trust
"Parafield, South Australia is very near the airport and what campus of the University of South Australia?",Mawson Lakes,Mawson Lakes campus.,0,0.8,1,1,0.43756890296936035,32,1,Parafield Airport
"Which facility was founded in Missouri, Discovery Zone or Valentino's?",Discovery Zone,"Discovery Zone, Missouri.",0,0.8,0,1,0.411679744720459,32,1,Valentino's
What is this subfamily within the cat family Felidae named by Reginald Innes Pocock that is descendant of Pseudaelurus?,Pantherinae,Pantherinae.,1,1.0,1,1,1.0798251628875732,32,1,Pantherinae
"What is the best known novel from the author of ""Laura Warholic""?","""Darconville’s Cat""",Alexander Theroux.,0,0.0,0,1,1.0783889293670654,32,1,Laura Warholic
"What notable radio personality was born in North Bend, Oregon?",Delilah Luke,Delilah Rene.,0,0.5,0,1,0.4123218059539795,32,1,Delilah (radio host)
What occupations do Toshi and Emily Haines share?,singer and songwriter,"Lead singer, keyboardist.",0,0.3333333333333333,1,1,0.43791985511779785,32,1,Emily Haines
What Olympic medal did the opponent of Crawford Ashley for the World Boxing Association (WBA) World super middleweight title win in 1984?,a silver medal,Olympic bronze medal.,0,0.3333333333333333,0,0,1.0787699222564697,32,1,Scott Dixon (boxer)
"What is the name of this suburb within the Central Coast Council local government area, where Tessa, of Microwave Jenny, grew up?","Umina Beach, New South Wales",Phegans Bay,0,0.0,0,0,1.0838091373443604,32,1,"Phegans Bay, New South Wales"
Thomas Parker Sanborn was a model for the protagonist in the only novel by a poet originally from what country?,Spain,England.,0,0.0,0,1,0.3375387191772461,32,1,Thomas Parker Sanborn
What is the main difference between the game Plateau and the game Colt Express?,Colt Express is a railway-themed,Real-time strategy vs. turn-based strategy.,0,0.0,0,0,0.5197913646697998,32,1,Battlezone (1998 video game)
"What was a series of battles during the Revolutionary War, for control of New York City and the state of New Jersey, fought on October 28, 1776 near White Plains, New York?",New York and New Jersey campaign,Battle of White Plains.,0,0.0,1,1,0.4165458679199219,32,1,Battle of White Plains
Do the bands 3OH!3 and Moonbabies have the same number of members?,yes,"No. 3OH!3 has 2 members, Moonbabies has 2 members.",0,0.0,0,1,0.7959866523742676,32,1,Moonbabies (band)
"Before going to the London School of Theology, John Burges spent six years working for a company headquartered in what country?",the Netherlands,England.,0,0.0,0,0,1.080726146697998,32,1,John Burges
"Who was the director of the 2007 American action film starring the actress, professionally known as Maggie Q.?",Len Wiseman,Maggie Q's film Balls of Fury.,0,0.0,0,0,1.0859894752502441,32,1,Balls of Fury
What kind of beverage does Planter's Punch and Black Velvet have in common?,cocktail,Fruit juice-based cocktails,0,0.0,1,1,1.0771818161010742,32,1,Planter's Punch
Which movie came out first Muppet Treasure Island or Million Dollar Arm ?,Muppet Treasure Island,Million Dollar Arm,0,0.0,0,0,1.0054969787597656,32,1,Rinku Singh
"Approximately how many locations is BJ's Wholesale Club operating in, as of early 2008?",650 locations,Over 200 locations.,0,0.4,0,1,0.4128401279449463,32,1,BJ's Wholesale Club
Which market town in Lancashire is part of the BB postcode area?,Burnley,Accrington,0,0.0,1,1,1.0784196853637695,32,1,BB postcode area
An American Werewolf in Paris was a partial sequel to the comedy film starring whom?,"David Naughton, Jenny Agutter and Griffin Dunne",An American Werewolf in Paris was a partial sequel to the comedy film starring David Naughton.,0,0.17391304347826086,0,1,0.801898717880249,32,1,An American Werewolf in Paris
Who was the fourth son of the lord of the Seventeen Provinces of the Netherlands in 1555?,Diego Félix of Austria,Philip II of Spain,0,0.25,0,1,1.0786266326904297,32,1,Philip II of Spain
"What three time Tony nominee composed ""Ghost Quartet""?",Dave Malloy,Dave Malloy.,1,1.0,0,1,0.9895987510681152,32,1,Dave Malloy
Were Triumph of the Will and The End of America both made in the same year?,no,No.,1,1.0,0,1,1.0790069103240967,32,1,Triumph of the Will
"Maria Radu is best known for winning the 3000 meters at which Edmonton, Alberta, sporting event? ",1983 Summer Universiade,1983 Summer Universiade.,1,1.0,0,1,1.0855529308319092,32,1,1983 Summer Universiade
"Which film was produced first, Dangal or The Man from Snowy River II?",The Man from Snowy River II,The Man from Snowy River II,1,1.0,1,0,1.0858154296875,32,1,Bruce Rowland
William Novac co-wrote the memoir of what American retired professional basketball player who is current president of basketball operations for the Los Angeles Lakers?,"Earvin ""Magic"" Johnson Jr.",Charles Barkley,0,0.0,0,0,1.0905585289001465,32,1,Charles Barkley
What pistol cartridge was the original cartridge for the service pistol produced by a German arms manufacturer between 1896 and 1937?,7.63×25mm Mauser,7.65×21mm Parabellum.,0,0.0,0,0,0.5929465293884277,32,1,7.65×21mm Parabellum
"Which person is known for playing in punk bands, Keith Morris or Rome Ramirez?",Keith Morris,"Keith Morris, Rome Ramirez.",0,0.6666666666666666,1,1,0.43700551986694336,32,1,Keith Morris
The M104 155mm Projectile was specifically designed to carry about 11.7 pounds of what prototypical substance?,mustard gas,Chemical agent.,0,0.0,0,1,0.3653290271759033,32,1,M104 155mm Cartridge
What religion was the martyr to whom the Lady of the Valey statue is dedicated?,Christian,Christianity.,0,0.0,0,0,0.3369917869567871,32,1,Theonestus of Vercelli
Futbolita has interviewed what Spanish Professional footballer who plays as a striker for New York City FC?,David Villa,David Villa.,1,1.0,1,1,0.3608429431915283,32,1,David Villa
What subsidiary of the largest airline of the Republic of China (Taiwan) has a main hub at Taichung Airport?,Mandarin Airlines,Taichung Airlines,0,0.5,0,1,1.0831127166748047,32,1,China Airlines
What was the estimated population of the city that Luis Villalta Aquino was from in 2012?,"102,984",10 million.,0,0.0,0,1,1.0859472751617432,32,1,Luis Villalta
"What player mentioned in ""The Breaks of the Game"" was inducted into the Naismith Memorial Basketball Hall of Fame on May 10, 1993?",Bill Walton,Lindsay Gaze.,0,0.0,0,0,0.38915252685546875,32,1,Lindsay Gaze
The eighth-longest rollercoaster in the world is located in what theme park?,Disney California Adventure,California Adventure,0,0.8,0,1,1.0902776718139648,32,1,California Screamin'
"What are the publishing years of this American and New York based film magazine published by Hachette Filipacchi Media U.S., where April Bernard worked as senior editor?",between 1987 and 2010,1990-2009.,0,0.0,0,0,0.46436429023742676,32,1,Home (magazine)
"Which American character actor who starred on the television series ""Stargate SG-1"" (1997–2007) and appeared in ""Episode 8"" of ""Twin Peaks"" as a guest star?",Don S. Davis,Michael Shanks.,0,0.0,0,0,0.39083147048950195,32,1,Lost City (Stargate SG-1)
Which lead actor/actress in War Chhod Na Yaar has also acted in Bengali and English-language films?,Soha Ali Khan,"Imran Khan, Deepika Padukone.",0,0.28571428571428575,0,1,0.5401616096496582,32,1,War Chhod Na Yaar
Mutton Lane Cemetery is located in a town 13 mi north of where?,London,Nashville.,0,0.0,0,0,0.33505702018737793,32,1,Old Corinth Cemetery
"The actress that played the leading role in the independent film ""A Perfect Ending"" also stars with John Bregar in a 2008 film directed by who?",Douglas Jackson,Peter Lauer,0,0.0,0,1,1.0944197177886963,32,1,Barbara Niven
"Which record label released Van Morrison's ""I've Been Working"" on the album ""His Band and the Street Choir""?",Warner Bros,Answer: Bang Records.,0,0.0,0,1,0.4387016296386719,32,1,I've Been Working
"Who is older, Gabe Saporta or John S. Hall?",John S. Hall,John S. Hall.,1,1.0,0,1,1.0874342918395996,32,1,Gabe Saporta
What are the colors of the tricolour flag that was adopted in 1919?,"green (at the hoist), white and orange","Red, White, Green.",0,0.4,0,1,0.4395928382873535,32,1,Tricolour (flag)
What profession was both John Updike and Bret Easton Ellis ?,short story writer,Novelist,0,0.0,0,1,1.0824058055877686,32,1,John Updike
"Which sister of Margarita ""Peggy"" Schuyler Van Rensselaer is sometimes called Betsey?",Elizabeth Hamilton,Betsey Schuyler,0,0.0,0,1,1.0879247188568115,32,1,Peggy Schuyler
Whataburger in Richardson Square is loacted in what city and state?,"Richardson, Texas","Richardson Square, Texas",0,0.8,0,1,1.0853796005249023,32,1,Richardson Square Mall
In which year did the artist who wrote Hyperreal release his debut studio album?,2012,2012,1,1.0,0,1,1.095219612121582,32,1,Hyperreal (song)
"What German philosopher, economist and political theorist was Jakob Lukas Schabelitz a friend and associate of?",Karl Marx,Karl Marx.,1,1.0,1,1,0.3607351779937744,32,1,Karl Marx
What is the name of one the Italian Navy's new warship?,"PPA, Pattugliatore Polivalente d'Altura",San Marco Marine Brigade,0,0.0,0,0,0.9877994060516357,32,1,San Marco Marine Brigade
What was the event where Jacob Minah had his personal best also known as?,XXIV Summer Universiade,Decathlon.,0,0.0,0,1,1.085157871246338,32,1,Jacob Minah
What army did the namesake of the ship launched as the München in 1930 fight in during the American Revolutionary War?,Continental Army,Continental Army.,1,1.0,0,0,0.3623051643371582,32,1,SS Middlebury Victory
Victor Koman's Ph.D.  in Information Technology was conferred by a university located in which city ?,Minneapolis,Chicago,0,0.0,0,0,1.105051040649414,32,1,Illinois Institute of Technology
Are both Pomeranian and Sporting Lucas Terrier named after a particular person?,no,Yes. Jocelyn Lucas.,0,0.0,0,1,0.46386146545410156,32,1,Sporting Lucas Terrier
"What language, also known as the Amazigh, is part of Siwa Oasis?",Berber,Berber language,0,0.6666666666666666,1,1,1.0829463005065918,32,1,Siwa Oasis
What English campaigner for the suffragette movement did Angela Down portray? ,Sylvia Pankhurst,Angela Down portrayed Sylvia Pankhurst.,0,0.5714285714285715,1,1,1.0893473625183105,32,1,Sylvia Pankhurst
"Which of the case was held in a higher ranking court, South Dakota v. Dole or Rogers v. Okin?",South Dakota v. Dole,Supreme Court held.,0,0.0,1,1,1.0832221508026123,32,1,South Dakota v. Dole
"Which plant genus is part of a family with a longer name, Morning glory or Rothmannia?",Morning glory,"Morning glory family, Rubiaceae.",0,0.6666666666666666,0,1,1.0908842086791992,32,1,Rothmannia
"What former city, now the fourth-largest Russian city, was the Belarusian State Technological University evacuated to in 1941?",Sverdlovsk,Minsk,0,0.0,0,0,1.080904245376587,32,1,Yuri Puntus
Were both Monkey Kingdom and Anaganaga O Dheerudu connected with Disney?,yes,"Yes, both were.",0,0.5,0,0,0.4197664260864258,32,1,Zokkomon
"Kurt Fuller from Stockton, CA appeared in which American Detective Comedy Drama television series created by Steve Franks?",Psych is an American detective comedy-drama,Psych,0,0.2857142857142857,1,1,0.46529102325439453,32,1,Psych
"Which Royal Air Force is located in a town that had a population of 2,841 on 15 April 2012?",Mount Pleasant,Royal Air Force Burnley,0,0.0,0,0,1.0819318294525146,32,1,Burnley
"Do the University of Florida and University of Texas System combine to have both a 2000 acre campus and over 216,000 students?",yes,"Yes, they do.",0,0.5,0,1,0.4135613441467285,32,1,University of Texas System
In which part of Attica was the battle of Marathon in 490 BC fought?,northeastern,Marathon Plain,0,0.0,0,0,1.0822601318359375,32,1,Battle of Marathon
Do both Icehouse pieces and El Grande come from the same game?,no,"Yes, both are from Hans im Glück.",0,0.0,0,1,0.5397052764892578,32,1,El Grande
Who was the older brother of the leader who asked Juan Romero de Figueroa to remain at his parish?,Joseph I,Juan Romero de Figueroa was the brother of the leader who asked him to remain at his parish.  The leader was the Bishop of Gibraltar.,0,0.0,0,1,1.0895111560821533,32,1,Juan Romero de Figueroa
What bluegrass singer provides vocals for a song on the album which was released in September 2013 through PRMD Music?,Dan Tyminski,The Avett Brothers,0,0.0,0,0,1.0805656909942627,32,1,From Death to Destiny
 Charice is the first international studio album of a singer who rose to popularity through what?,YouTube,Reality TV show.,0,0.0,0,1,0.38638758659362793,32,1,Charice (album)
A Troll in Central Park and All Dogs Go to Heaven were both directed by which person?,Don Bluth,Don Bluth,1,1.0,0,1,1.085127830505371,32,1,A Troll in Central Park
The runner-up in The Celebrity Apprentice 2 has written an autobiography titled what?,"""How I Raised, Folded, Bluffed, Flirted, Cursed, and Won Millions at the World Series of Poker""","""The Apprentice: My Life in the Boardroom""",0,0.08695652173913043,0,1,1.0819907188415527,32,1,The Apprentice (U.S. season 8)
What film was Rebecca Gibney in that also had Kate Winslet in it?,The Dressmaker,Jigsaw (1989),0,0.0,0,0,0.9947683811187744,32,1,Jigsaw (1989 film)
When was the football club founded in which Walter Otto Davisplayed at centre forward?,1885,"1937, Walter Otto Davisplayed at centre forward.",0,0.0,0,0,1.0818300247192383,32,1,List of Colchester United F.C. seasons
"Who was born first, Antonin Artaud or  Elizabeth Taylor?",Antonin Artaud,Elizabeth Taylor was born first.,0,0.0,1,1,1.0902388095855713,32,1,Antonin Artaud
The Innocents is a 1961 gothic horror film that was based on a novella by Henry James published in what year?,1898,1898.,1,1.0,1,1,0.38917016983032227,32,1,The Turn of the Screw
What is the nationality of the man who finished second for ART Grand Pix in the 2016 Baku GP2 Series round?,Russia,Russian.,0,0.0,1,1,1.088836431503296,32,1,2016 Baku GP2 Series round
Which is the Birthplace of Sir Isaac Newton and has a neighboring village called Belvor?,Woolsthorpe,Woolsthorpe Manor.,0,0.6666666666666666,0,0,0.4377713203430176,32,1,Woolsthorpe Manor
What singer who was the seventh place finalist on the 7th season of American Idol first recorded the song Like My Mother Does,Kristy Lee Cook,David Hernandez.,0,0.0,0,0,0.36290740966796875,32,1,David Hernandez (singer)
"Before moving to Boston to play at the New England Patriots, in which city did Dean Caliguire play his college and NFL football?",Pittsburgh,Boston,0,0.0,0,0,1.083441972732544,32,1,List of New England Patriots seasons
"Which composer was born later, Gaetano Donizetti or William Walton?",William Turner Walton,"Donizetti was born in 1797, Walton in 1902.",0,0.18181818181818182,0,1,1.0814111232757568,32,1,Gaetano Donizetti
"What type of place does Regency Road, Adelaide and Klemzig, South Australia have in common?",city,German heritage.,0,0.0,1,1,0.3612709045410156,32,1,"Klemzig, South Australia"
"Jaroslav Kvapil the Czech poet was born in the Kingdom of Bohemia, also referred to by what name?",Czech Kingdom,"Kingdom of Bohemia, also referred to by the name of Bohemia.",0,0.15384615384615385,0,1,0.6696388721466064,32,1,Jaroslav Kvapil
"Which industrialist established a museum in Heckscher Park that features ""First Friday"" concerts?",August Heckscher,Edward Heckscher,0,0.5,0,1,1.0822656154632568,32,1,Heckscher Museum of Art
"The founder of this Canadian owned, American manufacturer of business jets for civilian and military developed this portable tape system.",8-track,1960s,0,0.0,0,1,1.0875575542449951,32,1,Learjet
Which of the following board games accommodates up to 10 players: The Game of Life or the History of the World?,The Game of Life,The Game of Life,1,1.0,1,1,1.085249423980713,32,1,The Game of Life
"Is Ohio State University or California State University, Dominguez Hills further west?","California State University, Dominguez Hills","California State University, Dominguez Hills.",1,1.0,1,0,0.4898796081542969,32,1,Cal State Dominguez Hills Toros
Who is the current governor of the state where former wrestler Stephen Cepello painted the Governor's Mansion?,Mark Dayton,Governor of Louisiana.,0,0.0,0,1,1.0940570831298828,32,1,Stephen Cepello
"Who owns an English evening newspaper based in Blackpool, Lancashire?",Johnson Press,Blackpool Gazette.,0,0.0,0,1,1.0801470279693604,32,1,Blackpool Gazette
"Killing You is a song by a band that consists of lead vocalist Danny Worsnop, guitarists Ben Bruce and Cameron Liddell, drummer James Cassells and what bassist?",Sam Bettley,Dan Billings,0,0.0,0,1,1.094691276550293,32,1,Asking Alexandria
Which former New York senator did Marc Elias help run for office? ,Hillary Rodham Clinton,"Hillary Clinton, John Kerry.",0,0.5714285714285715,0,1,1.0855021476745605,32,1,Marc Elias
Den Tagayasu lived in the town that was bombed on which dates?,9–10 March 1945,1945,0,0.5,0,1,1.0909769535064697,32,1,Den Tagayasu
"Which university is further North,  University of New Hampshire or Stony Brook University?",Stony Brook University,University of New Hampshire is further North.,0,0.2,0,1,1.0812885761260986,32,1,University of New Hampshire
"Which of the four US Presidents who have been assinated was shot on the grounds of the Pan-American Exposition at the Temple of Music in Buffalo, New York?",William McKinley,William McKinley,1,1.0,1,1,1.093651294708252,32,1,Assassination of William McKinley
Ann Killion co-authored a memoir with the American soccer goalkeeper who won how many Olympic golds?,two,2 Olympic golds.,0,0.0,0,1,1.0879454612731934,32,1,Ann Killion
What is the current occupation of the footballer replaced by Zdenek Zeman at the beginning of the 2012-13 A. S. Roma season?  ,manager,Coach.,0,0.0,0,0,0.36465954780578613,32,1,1998–99 A.S. Roma season
Are the genera Gordonia and Osbeckia in the same family?,no,"No, they are not.",0,0.4,0,1,1.0892665386199951,32,1,Osbeckia
According to the 2011 census what is the population of the city where Royal Wahingdoh F.C. are based ?,"143,007",Shillong city.,0,0.0,0,1,1.0833532810211182,32,1,Royal Wahingdoh F.C.
What  profession did Mike Robbie's father practice?,an American attorney,Owner/Manager,0,0.0,0,1,0.9133174419403076,32,1,Mike Robbie
"""The Simpson's"" episode featuring the  ""Itchy & Scratchy & Poochie"" show satirized the world of television production just as the episode featuring the ""Itchy & Scratchy & Marge"" satirized what type of issue?",censorship,"television production, television executives.",0,0.0,0,1,1.0913314819335938,32,1,Itchy &amp; Scratchy &amp; Marge
"What was the name of the publisher who published ""Finnegans Wake"" in 1939 by James Joyce",Teriade,Faber and Faber,0,0.0,0,0,1.0881667137145996,32,1,Finnegans Wake
"Die Nacht was composed by German composer, Richard Strauss. What other well known operas did he compose?",Der Rosenkavalier,- Der Rosenkavalier,1,1.0,0,1,1.0825486183166504,32,1,Richard Strauss
"St. John's College, Belize offers an education in a tradition in which what three subjects were the core?","Grammar, logic, and rhetoric","Jesuit scholasticism, Aristotelian philosophy, and Thomistic theology.",0,0.18181818181818182,0,1,1.1330976486206055,32,1,"St. John's College, Belize"
Who was the son and heir of Henry Beauclerc?,William Adelin,William Rufus,0,0.5,0,1,1.0964555740356445,32,1,Henry I of England
"When was the composer of ""Persian Surgery Dervishes"" born?","June 24, 1935",1922.,0,0.0,0,0,0.39092087745666504,32,1,Abdolvahab Shahidi
Are Nikolaschka and White Russian made of beer?,no,No.,1,1.0,0,1,1.0857186317443848,32,1,White Russian (cocktail)
Where is the stadium at which 1964 Georgia Tech Yellow Jackets football team played their home game located? ,North Avenue at Techwood Drive,"Atlanta, Georgia.",0,0.0,0,0,1.0904603004455566,32,1,Georgia Tech Yellow Jackets football
Frank Lamson-Scribner was adopted by a family near which town in Kennebec County?,Manchester,"Manchester, Maine.",0,0.6666666666666666,1,1,0.38724279403686523,32,1,Frank Lamson-Scribner
Which game showed has reruns on Teletoon in Canada and was shown between midnight and 6:00 on Cartoon Network Too?,Skatoony,The Amazing Adrenalini Brothers,0,0.0,0,0,1.082658052444458,32,1,The Amazing Adrenalini Brothers
What position did the former Major League Baseball player play who worked on the same broadcast team as Kim Kelch?,first baseman,Pitcher,0,0.0,0,1,1.089080572128296,32,1,Jim Kelch
What bitcoin start up featured Erik Voorhees as Director of Marketing?,BitInstant,Coinapult.,0,0.0,0,1,0.3619575500488281,32,1,Erik Voorhees
"Which Istanbul mosque is unique for retaining a Baroque style of architecture, the Bayezid II Mosque or the Nusretiye Mosque?",Nusretiye Mosque,Nusretiye Mosque.,1,1.0,0,0,0.44503188133239746,32,1,Bayezid II Mosque (Amasya)
"What career did the British actor born in 1965  and star of Lock, Stock and Two Smoking Barrels have before acting?",professional footballer,Gangster film writer.,0,0.0,0,1,0.4147324562072754,32,1,"Lock, Stock and Two Smoking Barrels"
The current coach of the Los Angeles Clippers was signed as a free agent to the San Antonio Spurs during what season?,1994–95 NBA season,2002-03 season.,0,0.4,0,0,0.47297215461730957,32,1,2003–04 Seattle SuperSonics season
" Willie Geist frequently serves as fill-in anchor on ""Today"" for a tv journalist that was the host of what show from 1980-86?","""PM Magazine""",Today Show,0,0.0,0,1,1.086143970489502,32,1,Willie Geist
What is the female star of Klepto best known for performing in?,The Secret World of Alex Mack,"Meredith Bishop, Jsu Garcia, Thomas",0,0.0,0,1,0.7202651500701904,32,1,Klepto
"Which breed, Chinese Chongqing Dog or Kanni, is used for hunting?",Kanni,Chinese Chongqing Dog,0,0.0,0,1,1.0840461254119873,32,1,Chinese Chongqing Dog
"Who had a longer film career, Harry Sweet or John Biddle?",John Scott Biddle,John Biddle.,0,0.8,0,1,0.38590407371520996,32,1,Harry Sweet
"What was the nationality of the author of ""The Sunlight on the Garden""?",Irish,American author.,0,0.0,0,0,0.3614516258239746,32,1,Kathleen Cambor
"As former head of Orange County Ironworks, what has his hit TLC show called?",American Chopper,"""American Chopper""",1,1.0,0,1,1.0933635234832764,32,1,Paul Teutul Jr.
Brian Olsen was the lst WEC heavyweight champion before the promotion company founded in what month purchased the organization?,January 2001,2001.,0,0.6666666666666666,0,1,0.38581252098083496,32,1,Brian Olsen
Where was the match held where Chicharito scored goals along with Antonio Valencia and Dimitar Berbatov?,Wembley Stadium,Wembley Stadium.,1,1.0,0,1,0.41254329681396484,32,1,2010 FA Community Shield
"The director of American crime film, Secret of the Chateau, was known to work at which company?",Metro-Goldwyn-Mayer,MGM,0,0.0,0,1,1.0969998836517334,32,1,Secret of the Chateau
"Who was the first Russian composer to make a lasting impression internationally, Alessandro Scarlatti or Pyotr Ilyich Tchaikovsky?",Pyotr Ilyich Tchaikovsky,Pyotr Ilyich Tchaikovsky.,1,1.0,0,1,1.0780410766601562,32,1,Alessandro Scarlatti
What was the nickname of the 76er who was drafted 3rd in the 2014 draft? ,The Process,"""The Process""",1,1.0,1,1,1.0872604846954346,32,1,Joel Embiid
What component was included on the iPad4 that is now a registered trademark in Jamaica? ,Retina Display,Retina Display.,1,1.0,0,1,1.085644245147705,32,1,Retina Display
What revolutionary group was writer Mary Williams raised by before being adopted by director of the Peace and Justice Resource Center in Los Angeles County Tom Hayden?,Black Panthers,Students for a Democratic Society (SDS),0,0.0,0,1,1.0937018394470215,32,1,Tom Hayden
In what type of imprisonment where the inmates Arne Berge helped rescue during operation White Buses?,concentration camp,Concentration camps.,0,0.5,1,1,1.0789213180541992,32,1,White Buses
"The historical Nimavar school in the Nimavar Bazaar, or bazar, is located in which country?",Iran,Iran,1,1.0,1,1,1.095935344696045,32,1,Nimavar school
Were The Living Desert and What Would Jesus Buy? directed by the same person?,no,No.,1,1.0,0,1,1.0829291343688965,32,1,What Would Jesus Buy?
" Which attack resulted with the formal surrender of German forces, the Battle of Guam or the Spring 1945 offensive in Italy?",The Spring 1945 offensive in Italy,Operation Grapeshot.,0,0.0,1,1,0.4149785041809082,32,1,Spring 1945 offensive in Italy
What is the name of the conditions that the radiologist who served as chief of radiology at the U.S. Army's flagship medical center from 1909 to 2011?,Hampton's hump and Hampton's line,Aubrey Otis Hampton,0,0.0,0,1,1.0917174816131592,32,1,Aubrey Otis Hampton
"Which town has a greater population as of the 2010 census, Minden, Nevada or Gardnerville, Nevada?",Gardnerville,Gardnerville.,1,1.0,1,1,1.0959229469299316,32,1,"Gardnerville, Nevada"
Criss Angel generated $150 million in tourist revenue for his live performance show in what city?,"Paradise, Nevada",Las Vegas.,0,0.0,0,0,1.0830564498901367,32,1,Criss Angel Mindfreak
Who was born first D. Ross Lederman or Stefan Ruzowitzky?,David Ross Lederman,Stefan Ruzowitzky was born first.,0,0.0,0,1,1.0824224948883057,32,1,Stefan Ruzowitzky
"What English nursery rhyme which dates from 1731 appears on Teletubbies say ""Eh-oh!""?","""Baa, Baa, Black Sheep""","""Baa, Baa, Black Sheep"" doesn't appear on Teletubbies, but another English nursery rhyme does. ""Eh-oh!""",0,0.4210526315789474,1,1,1.0849990844726562,32,1,"Baa, Baa, Black Sheep"
Robert Earl Holding owned an oil company that was originally founded by who?,Harry F. Sinclair,Sinclair Oil Corporation was originally founded by Edward D. Sinclair.,0,0.15384615384615383,0,1,0.5938565731048584,32,1,Robert Holding
"How many albums have been sold by the singer who released the 2002 single ""Sk8er Boi""?  ",40 million,2,0,0.0,0,0,1.0876948833465576,32,1,Toya Delazy
Party of Syrian Unity was established in the wake of a public statement that announced what ?,"support for the establishment of a ""national home for the Jewish people"" in Palestine",Syrian opposition figures' unity.,0,0.0,0,0,1.0828795433044434,32,1,Damascus Declaration
Are Affenpinscher and Villanuco de Las Encartaciones both breeds of dog?,yes,Yes,1,1.0,0,1,1.0909738540649414,32,1,Affenpinscher
The Companions were the first of what type of cavalry?,Shock troops,British Army units,0,0.0,0,0,1.0865681171417236,32,1,British cavalry during World War I
Laurie Davidson is an English actor known for playing a fictionalized version of a young William Shakespeare on a show that was canceled on what date?,"September 5, 2017",2016.,0,0.0,0,1,0.388655424118042,32,1,Laurie Davidson (actor)
"Davy Crockett, King of the Wild Frontier:and Herbie Rides Again were both by which company?",Disney,Riders in the Sky,0,0.0,0,0,1.0885682106018066,32,1,"Riders in the Sky Present: Davy Crockett, King of the Wild Frontier"
"Dawn Lake described the star of ""I Love Lucy"" as what?",our greatest comedienne,Lucille Ball.,0,0.0,0,1,0.38566136360168457,32,1,Dawn Lake
Who wrote the 1995 American action film starring a two-time consensus All-American?,Steven Selling,Steven Selling.,1,1.0,1,1,0.36066317558288574,32,1,One Tough Bastard
When was Ben McNiece played his debut  in the Anzac Day clash  against Collingwood at the Melbourne Cricket Ground?,25 April,2001 Anzac Day.,0,0.0,0,1,0.4643416404724121,32,1,Ben McNiece
How long is the tidal estuary in which Branford is a shoreline town?,110 miles,approximately 10 miles long.,0,0.3333333333333333,0,1,0.44106364250183105,32,1,"Branford, Connecticut"
what are the low sea stacks in the Shetland Islands called?,Ramna Stacks,Skerries,0,0.0,0,1,0.9860191345214844,32,1,Skerry
Both Neijiang and Weifang and considered what type of city?,a prefecture-level city,Prefecture-level city,0,0.8,1,1,1.1397275924682617,32,1,Weifang
Where is the headquarter of the American multinational chemical corporation who's part is Dow AgroSciences?,"Midland, Michigan, United States","Midland, Michigan, United States.",1,1.0,1,1,1.0848052501678467,32,1,Dow Chemical Company
"what producer of The Real Housewives of Orange County also hosts ""Watch What Happens Live with Andy Cohen""?",Andy Cohen,Bravo TV.,0,0.0,1,1,1.092308521270752,32,1,Andy Cohen (television personality)
"Who gave the mother of Alberic II of Spoleto the title ""patricia"" of Rome?",Pope John X,Pope Leo VII.,0,0.3333333333333333,0,0,0.38741183280944824,32,1,Pope Leo VII
"The reporter who digs into the campaign of a former Marine Colonel, worked where in Cleveland?",Cleveland Press,Cleveland Press.,1,1.0,1,1,0.36031484603881836,32,1,Don Baker (journalist)
"What abbey, founded in 598, was Clarembald a monk at?",St Augustine's Abbey,St Augustine's Abbey,1,1.0,1,1,1.083794355392456,32,1,Clarembald
"Gene Sculatti write for CREEM sometime in the 60s or 70s, what famous term did CREEM coin for describing a genre of rock?","""punk rock",punk rock.,1,1.0,1,0,1.0957989692687988,32,1,Punk (magazine)
What actress with the last name Saravanan starred in the 2004 Tamil film Arul?,Jyothika Saravanan,None of the above.,0,0.0,0,0,1.087148904800415,32,1,Pudhukottaiyilirundhu Saravanan
What is the middle name of the Silicon Valley entrepreneur disussed in the non-fiction book The Unwinding?,Andreas,Fisher.  First name: Jon.  Middle name: Fisher.  Last name: Fisher.  Full name: Jon Fisher.  Answer: Jon,0,0.0,0,0,1.0807907581329346,32,1,Jon Fisher
" ""Hold On"" is a song that features the vocals of a British singer whose debut album won what prize in 2017?",Mercury Prize,Mercury Prize,1,1.0,0,1,1.101576328277588,32,1,Hold On (SBTRKT song)
"where was class of warships which ARA ""Sarandí"" is its fourth and last ship built ",Germany,Argentina,0,0.0,0,1,1.0855669975280762,32,1,ARA Sarandí (D-13)
"Devorah Adler worked as Director of Research for a 2008 presidential candidate, who served until when in the U.S. Senate?",2008,2009.,0,0.0,0,1,0.3880279064178467,32,1,Devorah Adler
Kent Dairy Round Barn is near the city in what Montana county?,Carbon,Montana county:,0,0.0,0,1,1.090226650238037,32,1,Kent Dairy Round Barn
"Which film is older, Monsters, Inc. or Earth?","Monsters, Inc.","Monsters, Inc. (2001) is older than Earth (2009).",0,0.4,0,0,0.6939013004302979,32,1,Monsters vs. Aliens
"The 2008–09 Texas Tech Red Raiders played in which athletic conference headquartered in Irving, Texas?",Big 12,Big 12 Conference,0,0.8,1,1,1.0899653434753418,32,1,Big 12 Conference
"Aside from the all-NBA third team member in 1995 who was also a three-time NBA All-Star and the NBA Sixth Man of the Year twice, which other two players were selected for the 1997 NBA All-Star Game from the Seattle SuperSonics?","Gary Payton, Shawn Kemp","Shawn Kemp, Gary Payton.",0,1.0,1,1,0.4712793827056885,32,1,1996–97 Seattle SuperSonics season
What is the name of the multi-use sports and recreation facility that currently houses professional football club Dynamo Kyiv?,Olimpiyskiy National Sports Complex,Dynamo Club Stadium,0,0.0,0,0,1.0787320137023926,32,1,Dynamo Training Center
When was the composer who created Peter Schmoll und seine Nachbarn born?,19 November 1786,11 June 1864,0,0.0,0,0,1.1135859489440918,32,1,Richard Strauss
What country of origin does Jerry Barrett and Florence Nightingale have in common?,English,England.,0,0.0,1,1,1.084137201309204,32,1,Jerry Barrett
"Which tennis player was born first, Kimberly Po or Leoš Friedl?",Leoš Friedl,Kimberly Po was born first.,0,0.0,1,1,0.44246935844421387,32,1,Leoš Friedl
Which American Space Western animated series did Celebrity Home Entertainment released ,BraveStarr,BraveStarr,1,1.0,1,1,1.0847225189208984,32,1,BraveStarr
"Which director was also a film editor, Burton L. King or Maheen Zia?",Maheen Zia,Maheen Zia,1,1.0,1,1,0.9828767776489258,32,1,Maheen Zia
What year did a director of a North Korean cinema film get kidnapped?,1978,1976.,0,0.0,0,0,0.38869714736938477,32,1,Shin Sang-ok
 Are Finding Kraftland and Shikashika both frozen drinks?,Shikashika is a shaved ice drink,Yes.,0,0.0,1,1,0.3670806884765625,32,1,Shikashika
Creed features the boxer who held what WBC title from 2016 to 2017?,cruiserweight,WBA interim title.,0,0.0,0,0,0.4167666435241699,32,1,Katsunari Takayama
Robbie Tucker plays in what series that follows a group of friends who run an Irish bar?,It's Always Sunny in Philadelphia,Paddy's Pub,0,0.0,0,1,1.085498571395874,32,1,It's Always Sunny in Philadelphia
Clipper Cargo was a subsidiary cargo airline of  the principal and largest international air carrier in the United States that was founded in what year?,1927,1927.,1,1.0,0,1,0.3889310359954834,32,1,Pan Am Cargo
What was the title of the debut studio album by Weezer which contained the hit Buddy Holly and Undone – The Sweater Song?,The Blue Album,Weezer (The Blue Album),0,0.8571428571428571,0,0,1.0843603610992432,32,1,Undone – The Sweater Song
 Patrol Squadron Four (VP-4) is a U.S. Navy land-based patrol squadron based at a Naval station formerly known as what ?,Marine Corps Air Station Kaneohe Bay,Pearl Harbor Naval Station,0,0.2,0,1,1.1193218231201172,32,1,Patrol Squadron 4 (United States Navy)
What profession do Raj Kapoor and Mike Cahill share?,director,Film director,0,0.6666666666666666,1,1,1.0525579452514648,32,1,Mike Cahill (director)
"How many years was the politician coauthor of Common Sense, subtitled A new constitution for Britain an MP for?",47 years,47 years,1,1.0,0,1,1.1231603622436523,32,1,Common Sense (Benn)
"The producer of the Eric Church album ""The Outsiders"" was a member of what band in the 1980's?",In Pursuit,"Jay Joyce, Jay Joyce was a member of the band, Jay Joyce was a member of the band, Jay Joyce was a member of the band, Jay Joyce",0,0.0,0,1,1.146134614944458,32,1,The Outsiders (Eric Church album)
"What genre did the writer whose novel was based on ""I'll Take Manhattan"" writes?",romance genre,"Romance, Historical Fiction",0,0.4,0,1,1.0897750854492188,32,1,I'll Take Manhattan (miniseries)
Josephine de Reszke made her debut in what grand opera?,Hamlet,La Traviata,0,0.0,0,1,1.0808522701263428,32,1,Josephine de Reszke
What year was the 2nd wife of the leader of the hussites born?,1430,1458.,0,0.0,0,1,0.3901402950286865,32,1,George of Poděbrady
"Performers that have played at the L.B. Amphitheatre include an American rock band that originally formed in Jacksonville, Florida, in 1964, as who?",My Backyard,The Allman Brothers Band.,0,0.0,0,1,0.44777536392211914,32,1,L. B. Day Amphitheatre
"Jessica Jones is a television series created for Netflix, the second in the series of the shows that lead to ""The Defenders"" miniseries after what show released on Netflix earlier?",Daredevil,Daredevil.,1,1.0,0,1,1.1554977893829346,32,1,Jessica Jones (TV series)
"What actor replaced the Welch actor born in 1978 who played Robin Hood in the first season of ""Once upon a Time""?",Sean Maguire,Colin O'Donoghue.,0,0.0,0,1,0.47794127464294434,32,1,Robin Hood (Once Upon a Time)
Who served as a Prime Minister in postwar Britain?,Clement Richard Attlee,Clement Attlee,0,0.8,0,1,1.1480553150177002,32,1,The Spirit of '45
Peter Curtis and Scott Draper are both what?,former tennis player,Australian tennis players.,0,0.3333333333333333,1,1,0.3935976028442383,32,1,Scott Draper
"Philip Carlo, the author of the biography of the mob assasin Richard Kuklinsk, died of which diease?i, ",Lou Gehrig's Disease,Cancer,0,0.0,0,1,1.1502060890197754,32,1,Philip Carlo
Philip Savage served as Direcor of Player Personnel for the Baltimore Ravens under what general manager who was inducted into both the College and Pro Football Halls of Fame?,Ozzie Newsome Jr.,Art Modell,0,0.0,0,1,1.1549413204193115,32,1,Phil Savage
"Isaac Live Schreiber, better known as Live Schrieber, acted in Salt, a 2010 American action thriller film directed by whom?",Phillip Noyce,Phillip Noyce.,1,1.0,1,1,0.4273257255554199,32,1,Salt (2010 film)
"This man who was born on April 25th, 1947, was a member of this lower house of the Hawaii State Legislature.","Robert ""Bobby"" Bunda",Hawaii State Legislature.,0,0.0,0,1,0.4235997200012207,32,1,Robert Bunda
What game where a play must act as a night security guard was a new intellectual property released in 2014?,Five Nights at Freddy's,Five Nights at Freddy's,1,1.0,1,1,1.1706867218017578,32,1,Five Nights at Freddy's (video game)
Which scientist at the University of Alabama in Huntsville co-developed a satellite temperature record with John Christy?,Roy Spencer,Roy Spencer,1,1.0,0,0,1.1954967975616455,32,1,John Christy
Which Democrat running for president in 2020 currently holds Maryland’s 6th district in the US House of Representatives?,John Delaney,John Delaney,1,1.0,0,1,1.2057559490203857,32,1,John Delaney (Maryland politician)
Which composer created Night Ferry first performed in 2012 at Symphony Center in Chicago?,Anna Clyne,Anna Clyne.,1,1.0,1,1,1.1385245323181152,32,1,Night Ferry (composition)
Which Olympic game featured Boules and happened right before medals started to be awarded?,The Summer Olympic Games,Winter Olympic Games.,0,0.5714285714285715,0,1,0.38712382316589355,32,1,Summer Olympic Games
Arnold Richards was the former chair of what organization that is a member of the Center for Jewish History?,YIVO,Center for Jewish History,0,0.0,0,0,0.9865765571594238,32,1,Israel Bartal
Which English actor starred in the 1995 american romantic drama film The Scarlet Letter alongside Demi Moore and Robert Duvall?,Gary Oldman,Gary Oldman,1,1.0,0,1,1.0473554134368896,32,1,The Scarlet Letter (1995 film)
What famous New York burglar and freelance writer was involved in a robbery for which a book was written about?,"Robert ""Bobby"" Germaine",Henry Hill,0,0.0,0,1,1.083723783493042,32,1,Robert &quot;Bobby&quot; Germaine
"When was Poison's album ""Shut Up, Make Love"" released?",2000,2000,1,1.0,1,1,1.1297721862792969,32,1,"Shut Up, Make Love"
The actor who appeared on Charlotte's Shorts and Weeds was born in what year?,1966,1959,0,0.0,0,0,1.1511757373809814,32,1,Charlie Murphy
"Which ""Blackzilians"" fighter is currently competing in the Middleweight division of Ultimate Fighting Championship?",Vitor Belfort,Vitor Belfort.,1,1.0,0,1,1.148000955581665,32,1,Vitor Belfort
"When was the seven-time World and Olympic medalist on which ""Foxcatcher"" was based born? ","June 6, 1959","September 9, 1986.",0,0.0,0,0,1.1443016529083252,32,1,Brittney Reese
Who resides in the palace that was the inspiration for the Kensington System's name?,British Royal Family,The Duke of Cambridge.,0,0.0,0,1,0.437014102935791,32,1,Kensington Palace
Where did the host of the 2014 edition of the MTV Africa Music Awards begin their career?,"""I'm Gonna Git You Sucka""",South Africa,0,0.0,0,1,1.152958869934082,32,1,MTV Africa Music Awards 2014
What Nobel Laureate teaches at  Chapman University?,Vernon Smith,- 1.  Dr.  Seuss,0,0.0,0,0,1.059513807296753,32,1,Chapman University
"What is the mononym of the Fillipino singer that released the album ""My Inspiration""?",Charice,A) Elton John,0,0.0,0,0,1.163680076599121,32,1,Elton John
"Which film has more writers, Splash or Christopher Robin?",Christopher Robin,Christopher Robin has more writers.,0,0.5714285714285715,1,1,0.4773750305175781,32,1,Christopher Robin (film)
"What movie was released at a later date, My Dog Tulip or Monsters vs. Aliens?",Monsters vs. Aliens,Monsters vs. Aliens.,1,1.0,1,0,0.48601794242858887,32,1,Monsters vs. Aliens (video game)
Which KaBoom! Entertainment Inc. film is based on a story by Rudyard Kipling?,The Jungle Book (1894),The Jungle Book (1994),0,0.75,0,0,1.2040729522705078,32,1,The Jungle Book (1994 film)
Which of Damon Stoudamire's cousins once played college basketball for the University of Kentucky?,Terrence Jones,"Stoudamire's cousin, Antoine Walker, played for Kentucky.",0,0.0,0,1,0.7124745845794678,32,1,Damon Stoudamire
What type of activity does Owner earnings and Warren Buffett have in common?,business,Financial analysis.,0,0.0,0,1,1.1685006618499756,32,1,Owner earnings
"Haier has North American rights to which appliance company headquartered in Louisville, Kentucky?",GE Appliances,GE Appliances,1,1.0,0,1,1.1803572177886963,32,1,GE Appliances
"What is the name of  rocker, who was awarded ""Rock Goddess of the Year"" in the Annual Loudwide Music Awards, who sang with high pitched screams in her band's albums?",Maria Brink,Allison Iraheta,0,0.0,0,0,1.1686413288116455,32,1,Allison Iraheta
"Which dog is based in Switzerland, Appenzeller Sennenhund or Drentse Patrijshond?",Appenzeller Sennenhund,Appenzeller Sennenhund,1,1.0,0,1,1.1660187244415283,32,1,Drentse Patrijshond
Are Dogo Cubano and the Dutch Shepherd both breeds of dog?,yes,"No, they are not.",0,0.0,0,1,0.4817047119140625,32,1,Dogo Cubano
Are Mike Bryan and Ray Ruffels both tennis players?,yes,"No, they are not both tennis players. Mike Bryan is a tennis player, but Ray Ruffels is a former tennis player and coach.",0,0.0,0,1,1.13051438331604,32,1,Ray Ruffels
Wojtek Wolski played for what team based in the Miami metropolitan area?,Florida Panthers,Miami Dolphins,0,0.0,0,0,0.7541508674621582,32,1,List of Miami Dolphins starting quarterbacks
What unit of the Air National Guard is located at a base that was home to the 509th Bomb Wing flying the General Dynamics FB-111A?,133d Air Refueling Squadron,509th Bomb Wing,0,0.0,0,1,1.2120678424835205,32,1,Pease Air National Guard Base
The 2008 American romantic drama film directed by David Fincher won what directing award?,Academy Award for Best Art Direction,Academy Award for Best Director,0,0.7272727272727272,0,1,1.2367761135101318,32,1,The Curious Case of Benjamin Button (film)
"The debut album came out in 1988 but what year did the song ""She's My Baby"" come out in?",1990,1990.,1,1.0,1,1,1.1159536838531494,32,1,She's My Baby (Traveling Wilburys song)
"In what state did this band form that is an American metalcore band, founded in mid-2009, and whose lead vocalist was Jerry Roush?",California,"Hampton, Virginia.",0,0.0,0,1,0.3908681869506836,32,1,Glass Cloud
"Which writer of the song ""Money, Money, Money"" by pop group ABBA was born on 16 December 1946 ?",Benny Andersson,Björn Ulvaeus.,0,0.0,1,1,1.0844135284423828,32,1,"Money, Money, Money"
What NFL team did the 2017 ESPN College Football Friday Primetime host who played at Oklahoma in college play for?,the Bears,Oklahoma Sooners.,0,0.0,0,1,1.1017844676971436,32,1,ESPN College Football Friday Primetime
"In which year did this Russian actress  who produced and performed in the 1922 American silent drama film ""A Doll's House"" immigrate to the United States?",1905,1920s.,0,0.0,0,1,0.42154955863952637,32,1,A Doll's House (1922 film)
"What year was the Leeds football club, which Arthur Hydes played, formed? ",1919,1919.,1,1.0,1,1,1.0892689228057861,32,1,Leeds United F.C.
"Which Disneyland attraction is Matterhorn Bobsleds roller coaster, an expanded version of",Autopia,Big Thunder Mountain Railroad,0,0.0,0,0,1.0852818489074707,32,1,Matterhorn Bobsleds
"Who has released more studio albums, 10 Years or Edward Sharpe and the Magnetic Zeros?",10 Years,Edward Sharpe and the Magnetic Zeros.,0,0.0,0,0,0.517096996307373,32,1,Edward Sharpe and the Magnetic Zeros (album)
Jean Hudson Boyd is known for her controversial sentencing of Ethan Couch. What was his sentence?,ten years of probation,"10 years probation, 1 year in jail.",0,0.36363636363636365,0,1,0.566272497177124,32,1,Ethan Couch
What type of diet does the author of Eat to Live: The Amazing Nutrient-Rich Program for Fast and Sustained Weight Loss advocate?,micronutrient-rich,Plant-based diet,0,0.0,0,1,1.0846881866455078,32,1,Eat to Live
"In which branch of the U.S. military did the man who Robert Conrad portrayed in the television series ""Baa Baa Black Sheep"" serve?",Marine Corps,U.S. Marine Corps.,0,0.8,0,0,0.44284868240356445,32,1,Baa Baa Black Sheep (TV series)
"Fiske O'Hara was born in what city Knox County, Maine, that had a population of 2,297 as of the 2010 census?",Rockland,A) Belfast,0,0.0,0,0,1.1016736030578613,32,1,"Knox County, Maine"
"What year was the essay which Henry Louis Gates and Cornel West criticized in their book, ""The Future of the Race"" first published?",1903,1995.,0,0.0,0,1,0.38892483711242676,32,1,The Future of the Race
"What character did G.D. Spradlin's collaborator Marlon Brando portray in ""On the Waterfront""?",Terry Malloy,Terry Malloy.,1,1.0,1,1,0.38687872886657715,32,1,Marlon Brando
Who was the team president of the 2012 Cleveland Browns?,Mike Holmgren,Randy Lerner,0,0.0,0,0,1.0799453258514404,32,1,Phil Savage
Shannon Purser played the role of June Acosta in a 2017 horror film directed by who?,John R. Leonetti,John R. Leonetti,1,1.0,0,1,1.0888023376464844,32,1,Shannon Purser
"Who was born first, Steve Hogarth or Donnie Munro?",Donnie Munro,Donnie Munro was born first.,0,0.5714285714285715,0,1,0.4890913963317871,32,1,Steve Hogarth
What is the name the French give to the war during which the Prussians occupied the Pavillon du Butard?,War of 1870,Franco-Prussian War,0,0.4,0,1,1.107067584991455,32,1,Pavillon du Butard
The founder of the Ali Akbar College of Music was known for his virtuosity in what musical instrument?,the sarod,Sitar,0,0.0,0,1,1.0898826122283936,32,1,Ali Akbar Khan
The magazine that nominated George Rainsford for their Best Actor award in 2017 comes out every week on what day of the week?,Tuesday,Every Wednesday.,0,0.0,0,1,1.1020839214324951,32,1,TV Choice
Which company owned by a Pakistani media mogul produced the Pakistani romantic drama film Dobara Phir Se?,ARY Films,ARY Films.,1,1.0,1,1,0.38666439056396484,32,1,Dobara Phir Se
"Where did the father of Edward Garrison Walker live when he wrote ""An Appeal to the Coloured Citizens of the World""?",Boston,Boston,1,1.0,1,1,1.0842742919921875,32,1,Edward G. Walker
"Which breed of Dog was developed in Germany, The Large Münsterländer or Bracco Italiano?",The Large Münsterländer,Both were developed in Germany.,0,0.0,1,1,1.0859458446502686,32,1,Large Münsterländer
The 2005 film Remedy featured Frank Vincent from The Sopranos and several mob movies by which acclaimed director?,Martin Scorsese,Martin Scorsese,1,1.0,0,1,1.0867390632629395,32,1,Remedy (film)
Who was the creator of the American political satire comedy television series in which Sufe Bradshaw plays an acerbic secretary named Sue?,Armando Iannucci,Veep.,0,0.0,0,1,1.083850622177124,32,1,Sufe Bradshaw
Which 1949 British black comedy film does the Skindles hotel appear on? ,Kind Hearts and Coronets,Kind Hearts and Coronets,1,1.0,1,1,1.0854671001434326,32,1,Skindles
Both Tsai Ming-liang and Giacomo Gentilomo were involved with which profession?,film director,Film and Painting.,0,0.4,1,1,0.38895106315612793,32,1,Giacomo Gentilomo
"Who was a pianist, Maro Ajemian or Richard C. Sarafian?",Maro Ajemian,Maro Ajemian,1,1.0,1,1,1.0823721885681152,32,1,Maro Ajemian
Witkins Township is served what district that is represented by Tim Murphy?,Pennsylvania's 18th congressional district,18th congressional district.,0,0.8571428571428571,1,1,0.4380607604980469,32,1,Pennsylvania's 18th congressional district
Which politician represents a city on the Flathead Indian Reservation?,Gregory J. Hertz,Kootenai County,0,0.0,0,0,1.0996029376983643,32,1,Northwest Montana Wetland Management District
The Genesis Flood is a book by John C. Whitcomb and what founder of the Creation Research Society and the Institute for Creation Research?,Henry Madison Morris,Henry Morris.,0,0.8,0,1,1.08491849899292,32,1,The Genesis Flood
Erskine Academy is located in a village in what county?,"Kennebec County, Maine",Oxford County,0,0.4,0,1,1.0878713130950928,32,1,Erskine Academy
In which year NGC 166 is located by an american astronomer who also discovered Frank Muller and Ormond Stone,1886,1880s,0,0.0,0,0,1.0893123149871826,32,1,Frank Muller (astronomer)
"Who played Dominic Toretto in all eight films, starting in 2001, from Universal's biggest film franchise ever?",Vin Diesel,Vin Diesel,1,1.0,0,0,1.091447114944458,32,1,The Fate of the Furious
What British publisher published a dystopian novel in 1949 written by an English author?,Fredric John Warburg,"George Orwell, Secker and Warburg.",0,0.25,0,1,0.5170085430145264,32,1,Nineteen Eighty-Four
What sibling of John D. Rockefeller III was the chairman of Chase Manhattan Corporation?,David Rockefeller,David Rockefeller,1,1.0,1,1,1.1122970581054688,32,1,David Rockefeller
Which southern Georgia city features the Blazers college athletic teams?,Valdosta,Valdosta,1,1.0,1,1,1.0822443962097168,32,1,Valdosta State Blazers
This radio programme that originally aired from October 1995 to April 2000 starred a critic working in what field?,pop music and popular culture,Film criticism.,0,0.0,0,1,0.3619976043701172,32,1,Booked!
"Stephen Joseph Bercik was mayer of a city that had a population of 124,969 as of the 2010 United States Census, and that has an estimated population of what for 2015?","129,007","2015 population estimate of Elizabeth, New Jersey.",0,0.0,0,1,1.1027686595916748,32,1,Stephen Bercik
"The actor that plays Phileas Fogg in ""Around the World in 80 Days"", co-starred with Gary Cooper in a 1939 Goldwyn Productions film based on a novel by what author?",Charles L. Clifford,Daphne du Maurier,0,0.0,0,0,1.0856025218963623,32,1,Jules Verne Trophy
Are Power Grid and Vanished Planet both cooperative board games?,no,Yes.,0,0.0,0,1,0.3347458839416504,32,1,Vanished Planet
In what metropolitan area is the future transfer point for the line previously designated the Bi-County Transitway?,"Washington, D.C.",New York City metropolitan area.,0,0.0,0,0,0.4408736228942871,32,1,Bridgeport station (Connecticut)
"who had to escape nazis, Sigmund Freud or Evelyn Waugh?",Sigmund Freud,Sigmund Freud,1,1.0,0,1,1.0839526653289795,32,1,Sigmund Freud
What role did Kim Dong-wook play in the 2012 South Korean historical film directed by Kim Dae-seung?,an obsessed and tormented king,"Actor, Concubine.",0,0.0,0,1,1.0935988426208496,32,1,The Concubine (film)
Who was the pivotal in the formation of schools catering for the primary and early secondary education of children in remote and outback Australia?,Adelaide Laetitia,The Pioneers of the School of the Air.,0,0.0,0,1,1.0830926895141602,32,1,School of the Air
What city is the army division that conducted Operation Blue Hearts in the Korean War based out of?,"Fort Hood, Texas",Pohang,0,0.0,0,1,0.9190335273742676,32,1,Operation Blue Hearts
"What professional baseball player who played for the Brooklyn Robbins in 1928 and 1929, attended college in Denton, Texas?",Walter Maxwell West Sr.,Max West.,0,0.3333333333333333,0,1,0.36291003227233887,32,1,Max West (1920s outfielder)
"Which dialect spoken in the province of Scania calls Spettekaka, ""spiddekaga""?",Scanian dialects,"Spettekaka, ""spiddekaga"" in Scanian dialect.",0,0.28571428571428575,0,1,0.6975159645080566,32,1,Scanian dialect
What 2017 Christopher B. Landon directed American slasher film is Jessica Rothe starring in?,Happy Death Day,Happy Death Day (2017),0,0.8571428571428571,1,1,1.0906972885131836,32,1,Happy Death Day
"The football maneuver, known as the horse-collar tackle is most closely associated with a player that was drafted by what NFl team in 2002?",Dallas Cowboys,Green Bay Packers,0,0.0,0,1,1.0907964706420898,32,1,Horse-collar tackle
"Which actor starred in both ""The Best Years of Our Lives"" in 1946 and ""The Crowded Sky"" in 1960?",Carver Dana Andrews,Henry Fonda,0,0.0,0,0,1.0949773788452148,32,1,William Wyler
Kim Jong-hyun's first studio album was distributed by whom?,KT Music,SM Entertainment,0,0.0,0,0,1.087646722793579,32,1,List of songs written by Kim Jong-hyun
What band was the man who compiled the tracks for The Early Years a part of when they were inducted into the Rock and Roll Hall of Fame?,Deep Purple,Korn,0,0.0,0,0,1.1049869060516357,32,1,"Greatest Hits, Vol. 1 (Korn album)"
Which Dutch media tycoon transferred all of its media activities to Talpa Holding?,John de Mol Jr.,John de Mol Jr.,1,1.0,1,1,0.4128694534301758,32,1,Talpa Holding
Is Chicago Rockford International Airport or McClellan–Palomar Airport closer to their nearest cities?,McClellan–Palomar Airport,"RFD is closer to Rockford, while PAL is closer to San Diego.",0,0.0,0,1,0.6956474781036377,32,1,Chicago Rockford International Airport
The National symbols of Albania are used in this part of Serbia that are composed of which municipalities?,municipalities of Bujanovac and Preševo,"Municipalities of Gnjilane, Gornji Milanovac, and Uroševac.",0,0.5,0,1,1.093829870223999,32,1,National symbols of Albania
"Who is older, Thomas Friedman or English author David Lodge?",David John Lodge CBE,David Lodge is older.,0,0.5,1,1,0.41314077377319336,32,1,David Lodge (author)
The winner of the 1984 United States Senate election in Maine took on what political role from 1997-2001?,Secretary of Defense,Republican Senator,0,0.0,0,1,1.0875563621520996,32,1,"United States Senate election in Maine, 1984"
What is the long name of the Government of Ireland Act 1920 that relates to Islam in Northern Ireland?,An Act to provide for the better government of Ireland,Government of Ireland Act 1920 (Partition of Ireland),0,0.4444444444444445,0,1,1.0905780792236328,32,1,Islam in Northern Ireland
Does MedStar Washington Hospital Center or Children's National Medical Center have more beds?,MedStar Washington Hospital Center,MedStar Washington Hospital Center has more beds.,0,0.7272727272727273,1,1,1.082062005996704,32,1,MedStar Washington Hospital Center
Are Aladdin and Song of the South produced by the same company?,yes,No,0,0.0,0,0,1.0859935283660889,32,1,The Return of Jafar
Are Daryl Hall and Gerry Marsden both musicians?,yes,"Yes, both are musicians.",0,0.4,0,0,0.4386160373687744,32,1,Hall &amp; Oates
"Dutch-born American businessman, Harry Koch, fathered a son born in 1900 that founded which oil refinery firm?",Koch Industries,Koch Industries,1,1.0,0,1,1.0959587097167969,32,1,Fred C. Koch
"Which composer was wrote his music most recently, Michael Tippett or Luigi Cherubini?",Michael Kemp Tippett,Luigi Cherubini.,0,0.0,0,1,0.4133439064025879,32,1,Luigi Cherubini
"Wapping has the oldest riverside tavern, dating back from when?",from around 1520,1520,0,0.5,1,1,0.9905202388763428,32,1,Prospect of Whitby
when was the coach of the 1981 Oklahoma Sooners football team born ?,1937,1946,0,0.0,0,0,1.0944733619689941,32,1,Josh Heupel
Where is Anticimex's parent company headquartered?,"EQT Plaza in Pittsburgh, Pennsylvania",Sweden.,0,0.0,0,1,0.334275484085083,32,1,Anticimex
"Gloria S. Butler can find her constuancy in what directional sections of DeKalb County, Georgia?",eastern,"Northeast, Southeast, or South.",0,0.0,0,1,1.082458257675171,32,1,Gloria S. Butler
"What singer-songwriter performed the country pop sing ""Fifteen""?",Taylor Swift,Taylor Swift.,1,1.0,1,1,0.3620781898498535,32,1,Fifteen (song)
"Who was born first, Liam Cunningham or Michael Fassbender?",Liam Cunningham,Michael Fassbender was born first.,0,0.0,0,1,0.5176558494567871,32,1,Michael Fassbender
What team won the XLII super bowl in their 48th overall season?,2007 New England Patriots,Seattle Seahawks,0,0.0,0,0,1.0851521492004395,32,1,Super Bowl XLVIII
What river has five waterfalls depicted on a state seal?,Missouri River,Missouri River,1,1.0,0,1,0.9971017837524414,32,1,Great Falls (Missouri River)
"Angelspit toured the United States with an American electronic music duo from Orlando, Florida, that formed in what year?",2006,2005.,0,0.0,0,1,0.3872861862182617,32,1,Angelspit
"Who was the another star in the television series Ma Boy who worked with the South Korean actress who began her career as a child actress in 2006 and initially gained public attention for ""Moon Embracing the Sun"" (2012)?",Sun Woong,Kim So-hyun.,0,0.0,1,1,1.0946953296661377,32,1,Ma Boy (TV series)
Michael J. Hunter replaced the lawyer who became the administrator of which agency?,EPA,Oklahoma State Department of Health,0,0.0,0,1,1.0795619487762451,32,1,Michael J. Hunter
"""Look At Us Now"" is a song by American DJs based in which city ?",Los Angeles,Los Angeles,1,1.0,0,1,0.9820613861083984,32,1,Look At Us Now
Thea Ruth White is best known for her voice over work as Muriel Bagge on  an American animated horror comedy television series created for who?,Cartoon Network,The Simpsons,0,0.0,0,1,1.0942087173461914,32,1,Thea White
Which film came first The Strongest Man in the World or Candleshoe?,The Strongest Man in the World,The Strongest Man in the World (1975) or Candleshoe (1977),0,0.7499999999999999,1,1,0.7741444110870361,32,1,The Strongest Man in the World
Which Sudanese-born Australian professional basketball player for the Milwaukee Bucks exemplifies that players do not have to play at least a year in college basketball before being drafted into the NBA?,Thon Marial Maker,Malcolm Brogdon.,0,0.0,0,0,0.4208393096923828,32,1,Malcolm Brogdon
Goldilocks and the Three Bares was a film that was totally separate from the fairy tale from what century?,19th-century,20th century.,0,0.0,0,1,0.41339731216430664,32,1,Goldilocks and the Three Bares
One of the actors in the film Dhruva Natchathiram was awarded an Honorary Doctorate by the People's University of Milan in what year?,2011,2019,0,0.0,0,1,1.0854358673095703,32,1,Dhruva Natchathiram
The was the album with the song  Unbelievable by American rapper The Notorious B.I.G released?,"September 13, 1994",Ready to Die,0,0.0,0,1,1.0941717624664307,32,1,Unbelievable (The Notorious B.I.G. song)
What American pianist and composer was a guest muscian on the Manhattan Blues Project album by Steve Hunter?,Philip Aaberg,Bill Evans,0,0.0,0,1,1.0888190269470215,32,1,The Manhattan Blues Project
"What Japanese Auto Manufacturer headquarted in Minato, Tokyo, Japan did Nissan aquire controlling interest in?",Mitsubishi,Mitsubishi Motors.,0,0.6666666666666666,1,1,0.36196446418762207,32,1,Mitsubishi Motors
Were the films Tonka and 101 Dalmatians released in the same decade?,1958 Walt Disney Western adventure film,"Yes, both were released in the 1960s.",0,0.0,0,0,0.5935723781585693,32,1,One Hundred and One Dalmatians
Is the university that Mary Jane Phillips-Matz attended in New York a public or private school?,private,Private Ivy League research university.,0,0.33333333333333337,1,1,0.4404902458190918,32,1,Columbia University
How many daily flights are made by the Thai long-haul low-fare airline (part of the AirAsia Group) headquartered and based at Don Mueang International Airport?,21,20+ daily flights.,0,0.0,0,1,0.4397904872894287,32,1,Thai AirAsia X
The 2017 European Short Course Swimming Championships will be held in an Arena which began construction when?,26 June 2013,2014.,0,0.0,0,1,0.38667726516723633,32,1,2017 European Short Course Swimming Championships
"Who is the mother of Mary Robinson in Shakespeare's ""The Winter's Tale""",Leontes,None,0,0.0,0,0,1.0930516719818115,32,1,Davy Crockett – In Hearts United
Hermann Wilhelm Göring was a veteran fighter pilot in a war that ended in what year?,1918,World War II,0,0.0,0,1,0.7974464893341064,32,1,Hermann Göring
The Oppenheimer security hearing explored the associations of the wartime head of which laboratory?,Los Alamos,Los Alamos Laboratory,0,0.8,1,1,1.0944008827209473,32,1,J. Robert Oppenheimer
What is the name of the company that wholly owns the Value Alliance airline whose head office is within Terminal 2 of Narita International Airport?,All Nippon,ANA (All Nippon Airways),0,0.6666666666666666,0,1,1.08290696144104,32,1,Value Alliance
Are Mick Jagger and Brett Scallions both musicians?,yes,Yes.,1,1.0,0,1,1.0913710594177246,32,1,Brett Scallions
Until what year did the Chief of Justice of the Supreme Court that administered the presidential oath of office to Abraham Lincoln on his first inauguration as the 16th President of the United States hold that office?,1864,1850-1864,0,0.0,0,1,1.0854899883270264,32,1,First inauguration of Abraham Lincoln
Kadeem Jack is a player in a league that started with how many teams?,eight,"NBA G League, 22 teams.",0,0.0,0,1,0.4916658401489258,32,1,Kadeem Jack
Are Über Goober and American Jobs both documentaries about gaming?,no,Yes.,0,0.0,0,1,0.3354036808013916,32,1,Über Goober
Be Quick '28  football club is locayed in what province?,Overijssel,Overijssel.,1,1.0,0,1,1.0900039672851562,32,1,Be Quick '28
"What country does Eric A. Sykes and Eccles, Greater Manchester have ion common?",England,England,1,1.0,1,1,1.0895285606384277,32,1,"Eccles, Greater Manchester"
"Who is Bruce Spizer an expert on, known as the most influential act of the rock era?",The Beatles,The Beatles,1,1.0,0,1,1.096914529800415,32,1,The Beatles
What land elevation does Khunyang Chhish and Ismoil Somoni Peak have in common?,mountain,Both are the highest peaks in their respective countries.,0,0.0,0,1,1.0920894145965576,32,1,Ismoil Somoni Peak
"Which genus has more species, Cymbidium or Patrinia?",Cymbidium,Cymbidium has more species.,0,0.4,1,1,0.49010634422302246,32,1,Cymbidium
Who was the New York City Fire Commissioner at the time of Providenza Panno's death?,Rhinelander Waldo,Joseph Donnelly,0,0.0,0,0,1.0876710414886475,32,1,New York City Fire Commissioner
